market,rule,start,end,years,CAGR_overlay,CAGR_bh,CAGR_lost,Sharpe_overlay,Sharpe_bh,MaxDD_overlay,MaxDD_bh,DD_reduction_pt,time_in_cash_%,pass
^GSPC,A,1970-01-02,2023-06-30,53.5,0.07909898763818046,0.07499511860539965,0.004103869032780816,0.3604202900258159,0.27315467177347097,-0.332363323120331,-0.5677538774277282,23.53905543073972,28.593996840442337,True
^GSPC,B,1970-01-02,2023-06-30,53.5,0.07959996545022774,0.07499511860539965,0.004604846844828092,0.36587737362257977,0.27315467177347097,-0.387582623403661,-0.5677538774277282,18.01712540240672,33.492063492063494,True
^DJI,A,1992-01-02,2023-06-30,31.5,0.06566709306223473,0.078636831987555,-0.012969738925320273,0.4321847596570946,0.4327546569766965,-0.28857336017111845,-0.5377856040192825,24.92122438481641,25.47425474254743,False
^DJI,B,1992-01-02,2023-06-30,31.5,0.06441832827083394,0.078636831987555,-0.014218503716721065,0.4274719407033229,0.4327546569766965,-0.23982216364427844,-0.5377856040192825,29.79634403750041,29.508196721311474,False
^IXIC,A,1971-02-05,2023-06-30,52.4,0.10254790427809723,0.09858199173774485,0.00396591254035239,0.4343633592767924,0.34695550318793633,-0.49385795752464123,-0.7793238628593402,28.546590533469896,30.000000000000004,True
^IXIC,B,1971-02-05,2023-06-30,52.4,0.0924746319869092,0.09858199173774485,-0.00610735975083565,0.36233001486615046,0.34695550318793633,-0.48580054331549205,-0.7793238628593402,29.352331954384812,30.47001620745543,True
^N225,A,1970-01-05,2023-06-30,53.5,0.06307809723567837,0.05031827446762427,0.012759822768054097,0.20623548081919127,0.12695380290074199,-0.3863271767743657,-0.8187120117786134,43.23848350042477,38.862559241706165,True
^N225,B,1970-01-05,2023-06-30,53.5,0.06825472064777816,0.05031827446762427,0.017936446180153887,0.25238275278084127,0.12695380290074199,-0.34946530345527094,-0.8187120117786134,46.92467083233425,46.82539682539682,True
^FTSE,A,1984-01-03,2023-06-30,39.5,0.044526473622792384,0.05252833146506619,-0.008001857842273807,0.1434050223261434,0.19142574825675673,-0.38463794814992003,-0.5256991273898141,14.106117923989403,33.11827956989247,False
^FTSE,B,1984-01-03,2023-06-30,39.5,0.042104763809602375,0.05252833146506619,-0.010423567655463817,0.12209458314541091,0.19142574825675673,-0.3594171999145499,-0.5256991273898141,16.628192747526416,35.064935064935064,False
^GDAXI,A,1987-12-30,2023-06-30,35.5,0.08459309352200028,0.08135699100351723,0.0032361025184830527,0.43748271897479607,0.3502686399760827,-0.3263317540515518,-0.7268483450958187,40.0516591044267,31.57894736842105,True
^GDAXI,B,1987-12-30,2023-06-30,35.5,0.07872093074876818,0.08135699100351723,-0.002636060254749051,0.40223324905811203,0.3502686399760827,-0.4707258026880303,-0.7268483450958187,25.612254240778842,36.626506024096386,True
^HSI,A,1986-12-31,2023-06-30,36.5,0.04382569245998802,0.05623759131161665,-0.012411898851628633,0.17389714328677197,0.23236388296503818,-0.4840501838304573,-0.6518186042408531,16.776842041039586,40.0,False
^HSI,B,1986-12-31,2023-06-30,36.5,0.05323644612209444,0.05623759131161665,-0.003001145189522214,0.22203878738751773,0.23236388296503818,-0.5202420315872738,-0.6518186042408531,13.157657265357937,41.68618266978923,False
^STI,A,1987-12-28,2023-06-30,35.5,0.0592808958554345,0.038992416597381396,0.020288479258053105,0.2964666230279144,0.15284364230029865,-0.29817681441825783,-0.6771704720734233,37.89936576551655,39.95215311004785,True
^STI,B,1987-12-28,2023-06-30,35.5,0.04839642517595544,0.038992416597381396,0.009404008578574041,0.2246720032333372,0.15284364230029865,-0.3055513869486912,-0.6771704720734233,37.161908512473204,46.98795180722891,True
EEM,A,2003-04-14,2023-06-30,20.2,0.05799942241352607,0.06432312211064484,-0.0063236996971187676,0.3664750009376564,0.33093702701104777,-0.40609692062705316,-0.672348817892183,26.62518972651299,39.31623931623932,True
EEM,B,2003-04-14,2023-06-30,20.2,0.07290307222726589,0.06432312211064484,0.008579950116621049,0.46051340272846075,0.33093702701104777,-0.4444791884107937,-0.672348817892183,22.786962948138935,41.12554112554112,True
TDEX.BK,A,2008-01-02,2023-06-30,15.5,0.02326112612022402,0.05327628141245233,-0.030015155292228313,0.21859108510072478,0.3572610316442236,-0.5827436037367828,-0.5827436037367826,-2.220446049250313e-14,31.07344632768362,False
TDEX.BK,B,2008-01-02,2023-06-30,15.5,-0.006236913901389696,0.05327628141245233,-0.05951319531384203,0.032735363346898735,0.3572610316442236,-0.5827436037367828,-0.5827436037367826,-2.220446049250313e-14,31.60919540229885,False
THD,A,2008-04-01,2023-06-30,15.2,0.003358981977091613,0.04324737652180044,-0.03988839454470883,0.08829615186922357,0.2735749412707756,-0.6421777727154621,-0.6421777727154618,-2.220446049250313e-14,36.7816091954023,False
THD,B,2008-04-01,2023-06-30,15.2,-0.016305714761308487,0.04324737652180044,-0.05955309128310893,-0.005337796526241631,0.2735749412707756,-0.6421777727154621,-0.6421777727154618,-2.220446049250313e-14,39.18128654970761,False
