round,trial_id,family,spec,evaluator,dec_sharpe,dec_cagr,dec_maxdd,dec_sharpe_ew,dec_cagr_ew,dec_maxdd_ew,dec_sharpe_spy,dec_active_sr_m,dec_active_skew,dec_active_kurt,dec_active_ann,dec_nw_t,info_sharpe,info_cagr,info_sharpe_ew,info_cagr_ew,dec25_sharpe,dec25_cagr,dec25_maxdd,dec25_sharpe_ew,dec25_cagr_ew,dec25_maxdd_ew,S1_10,S1_25,S1,S2_share,S2,S6_avg_n,S6_min_n,S6,notes
v1,v1_main_P1,A:piotroski,"{""portfolio"": ""P1"", ""variant"": ""main"", ""version"": ""v1""}",v1_baseline_piotroski.ipynb,0.4466772938498938,0.0993347955812486,-0.4954155036341511,0.6298339603362617,0.1230982468464005,-0.3770290591999201,0.6810897132316699,-0.0219213539162262,0.3820150744668206,6.849825752802864,-0.0080243969682393,-0.1652406144267524,1.092307837246531,0.1323330117144348,1.184337749400604,0.1411781508280296,,,,,,,False,False,False,0.3513513513513513,False,54.916666666666664,34,True,v1 re-evaluated after t-1 row bug fix (AUTORUN round 001); 10 bps only; S6 counts main only
v1,v1_main_P2,A:piotroski,"{""portfolio"": ""P2"", ""variant"": ""main"", ""version"": ""v1""}",v1_baseline_piotroski.ipynb,0.6342058365387926,0.1266904173707246,-0.3827242926341707,0.6298339603362617,0.1230982468464005,-0.3770290591999201,0.6810897132316699,0.0385886652723194,-0.3108895545779822,4.096114236820849,0.0042503963880676,0.3432768667608125,1.112870985012944,0.1384861385864757,1.184337749400604,0.1411781508280296,,,,,,,False,False,False,0.8108108108108109,True,90.91666666666669,62,True,v1 re-evaluated after t-1 row bug fix (AUTORUN round 001); 10 bps only; S6 counts main only
v1,v1_main_P3,A:piotroski,"{""portfolio"": ""P3"", ""variant"": ""main"", ""version"": ""v1""}",v1_baseline_piotroski.ipynb,0.4097249802908045,0.0984612408425185,-0.5289692384397884,0.6298339603362617,0.1230982468464005,-0.3770290591999201,0.6810897132316699,0.0090866778432674,1.6193210878153876,10.487797904900363,0.0051615622188203,0.0773460805437212,1.1716988678333429,0.1834818487511893,1.184337749400604,0.1411781508280296,,,,,,,False,False,False,0.7567567567567568,True,10.75,3,False,v1 re-evaluated after t-1 row bug fix (AUTORUN round 001); 10 bps only; S6 counts main only
v1,v1_S1_P1,A:piotroski,"{""portfolio"": ""P1"", ""variant"": ""S1"", ""version"": ""v1""}",v1_baseline_piotroski.ipynb,0.4859704989216626,0.1094360623509878,-0.493228760892109,0.6397368641563691,0.1251590216228844,-0.3760567820517673,0.6810897132316699,-0.0033495019758396,0.1950337258978992,7.219094382015335,-0.0011787008715601,-0.0251670504681601,1.1283571641580543,0.1362707756794079,1.134563173019918,0.1365807950090649,,,,,,,False,False,False,0.4054054054054054,False,0.0,0,False,v1 re-evaluated after t-1 row bug fix (AUTORUN round 001); 10 bps only; S6 counts main only
v1,v1_S1_P2,A:piotroski,"{""portfolio"": ""P2"", ""variant"": ""S1"", ""version"": ""v1""}",v1_baseline_piotroski.ipynb,0.6313679776504778,0.1260433278252619,-0.3828955665604757,0.6397368641563691,0.1251590216228844,-0.3760567820517673,0.6810897132316699,0.0165693607138111,-0.1730490929493791,4.034588510420536,0.0018392083877343,0.1526081610962553,1.1037521240509574,0.1375274430927346,1.134563173019918,0.1365807950090649,,,,,,,False,False,False,0.6486486486486487,False,0.0,0,False,v1 re-evaluated after t-1 row bug fix (AUTORUN round 001); 10 bps only; S6 counts main only
v1,v1_S1_P3,A:piotroski,"{""portfolio"": ""P3"", ""variant"": ""S1"", ""version"": ""v1""}",v1_baseline_piotroski.ipynb,0.4202720271284931,0.1016777030942677,-0.5267954775957089,0.6397368641563691,0.1251590216228844,-0.3760567820517673,0.6810897132316699,0.0098837964907861,1.5736737405739956,9.992931981682062,0.0057087778945417,0.0816031717299487,1.2155662439251935,0.1855108253579691,1.134563173019918,0.1365807950090649,,,,,,,False,False,False,0.6216216216216216,False,0.0,0,False,v1 re-evaluated after t-1 row bug fix (AUTORUN round 001); 10 bps only; S6 counts main only
v1,v1_S2_P1,A:piotroski,"{""portfolio"": ""P1"", ""variant"": ""S2"", ""version"": ""v1""}",v1_baseline_piotroski.ipynb,0.4596224699333361,0.103133247061762,-0.4994601796564952,0.6398067977719764,0.1252560603141239,-0.3749062867096427,0.6810897132316699,-0.0161208624944321,0.1967724249160088,7.092794623378444,-0.0059639229682579,-0.1233956475705089,1.0960140182279865,0.1318988582979776,1.1747503246309745,0.1405538329576048,,,,,,,False,False,False,0.3783783783783784,False,0.0,0,False,v1 re-evaluated after t-1 row bug fix (AUTORUN round 001); 10 bps only; S6 counts main only
v1,v1_S2_P2,A:piotroski,"{""portfolio"": ""P2"", ""variant"": ""S2"", ""version"": ""v1""}",v1_baseline_piotroski.ipynb,0.6413148590298549,0.1288981329285659,-0.3805748555841317,0.6398067977719764,0.1252560603141239,-0.3749062867096427,0.6810897132316699,0.0397652391241671,-0.263376273922511,5.128613391012599,0.0045386692524195,0.3397610844162436,1.0820928960763316,0.1356880631500072,1.1747503246309745,0.1405538329576048,,,,,,,False,False,False,0.6486486486486487,False,0.0,0,False,v1 re-evaluated after t-1 row bug fix (AUTORUN round 001); 10 bps only; S6 counts main only
v1,v1_S2_P3,A:piotroski,"{""portfolio"": ""P3"", ""variant"": ""S2"", ""version"": ""v1""}",v1_baseline_piotroski.ipynb,0.4244113722557471,0.103490001921368,-0.5421850746679698,0.6398067977719764,0.1252560603141239,-0.3749062867096427,0.6810897132316699,0.0153523353452392,1.4759417100098398,10.546902757732244,0.0088140335277702,0.1323856230084589,1.1127562883406306,0.1613799616677602,1.1747503246309745,0.1405538329576048,,,,,,,False,False,False,0.6756756756756757,False,0.0,0,False,v1 re-evaluated after t-1 row bug fix (AUTORUN round 001); 10 bps only; S6 counts main only
v1,v1_S3_P1,A:piotroski,"{""portfolio"": ""P1"", ""variant"": ""S3"", ""version"": ""v1""}",v1_baseline_piotroski.ipynb,0.4412477078330486,0.0978461978706428,-0.497908459302288,0.6286429890274631,0.1227972496686122,-0.377066625081001,0.6810897132316699,-0.0249055242563434,0.3958751172997011,6.799658560053296,-0.0091382505905442,-0.1861809477350134,1.092307837246531,0.1323330117144348,1.1853528374749212,0.1410223410173363,,,,,,,False,False,False,0.3243243243243243,False,0.0,0,False,v1 re-evaluated after t-1 row bug fix (AUTORUN round 001); 10 bps only; S6 counts main only
v1,v1_S3_P2,A:piotroski,"{""portfolio"": ""P2"", ""variant"": ""S3"", ""version"": ""v1""}",v1_baseline_piotroski.ipynb,0.633840629631555,0.1265740273032922,-0.3827242926341708,0.6286429890274631,0.1227972496686122,-0.377066625081001,0.6810897132316699,0.0401956801534312,-0.2975326259889727,4.104467301673099,0.0044211879403647,0.3557049085138145,1.118509309233923,0.1385561926193803,1.1853528374749212,0.1410223410173363,,,,,,,False,False,False,0.8378378378378378,True,0.0,0,False,v1 re-evaluated after t-1 row bug fix (AUTORUN round 001); 10 bps only; S6 counts main only
v1,v1_S3_P3,A:piotroski,"{""portfolio"": ""P3"", ""variant"": ""S3"", ""version"": ""v1""}",v1_baseline_piotroski.ipynb,0.4003705751741878,0.0953680303675565,-0.5289692384397884,0.6286429890274631,0.1227972496686122,-0.377066625081001,0.6810897132316699,0.0046080208295823,1.6276695247211657,10.467524341777038,0.0026231884061742,0.0391425461520443,1.1716988678333429,0.1834818487511893,1.1853528374749212,0.1410223410173363,,,,,,,False,False,False,0.7567567567567568,True,0.0,0,False,v1 re-evaluated after t-1 row bug fix (AUTORUN round 001); 10 bps only; S6 counts main only
001,r001_Q_GPA_overall,A:single,"{""floor"": 50, ""freq"": ""A"", ""q"": 0.2, ""rank"": ""overall"", ""signal"": ""Q_GPA"", ""weight"": ""EW""}",rounds/round_001/run.py,0.7749037790667599,0.1609376042634989,-0.3508833419317512,0.6400131870274632,0.1250750648088641,-0.3757882603400135,0.6810897132316699,0.1725450525649975,0.0616454579280311,2.880463978300296,0.0335792226659342,1.2698665698577194,1.005871439374233,0.1176368806496932,1.1374894062375356,0.1367188827616525,0.7710640759971391,0.1600462467512673,-0.3508833419317512,0.6382368454721908,0.1247074014374436,-0.3757882603400136,False,False,False,1.0,True,51.416666666666664,50,True,
001,r001_Q_GPA_sector,A:single,"{""floor"": 50, ""freq"": ""A"", ""q"": 0.2, ""rank"": ""sector"", ""signal"": ""Q_GPA"", ""weight"": ""EW""}",rounds/round_001/run.py,0.7688588350113288,0.1572509478012418,-0.3515714166590041,0.6400131870274632,0.1250750648088641,-0.3757882603400135,0.6810897132316699,0.1502226948816284,-0.431230602158825,3.495851024427486,0.0298225089922352,1.2611098314100124,1.0135539826795896,0.127005565259261,1.1374894062375356,0.1367188827616525,0.763977208796713,0.1561153080127253,-0.3515714166590041,0.6382368454721908,0.1247074014374436,-0.3757882603400136,False,False,False,1.0,True,51.416666666666664,50,True,
001,r001_Q_ROIC_overall,A:single,"{""floor"": 50, ""freq"": ""A"", ""q"": 0.2, ""rank"": ""overall"", ""signal"": ""Q_ROIC"", ""weight"": ""EW""}",rounds/round_001/run.py,0.8169671837313642,0.1646416087664228,-0.3321951630271764,0.6400131870274632,0.1250750648088641,-0.3757882603400135,0.6810897132316699,0.1790251656350302,-0.0297253683382284,3.0732210754360993,0.0351986383780321,1.244363067051311,0.9416265626867492,0.1169893645872253,1.1374894062375356,0.1367188827616525,0.8129014147425607,0.1637411836347124,-0.3321951630271764,0.6382368454721908,0.1247074014374436,-0.3757882603400136,False,False,False,0.972972972972973,True,54.333333333333336,50,True,
001,r001_Q_ROIC_sector,A:single,"{""floor"": 50, ""freq"": ""A"", ""q"": 0.2, ""rank"": ""sector"", ""signal"": ""Q_ROIC"", ""weight"": ""EW""}",rounds/round_001/run.py,0.7623086501645802,0.1465248363190197,-0.3505632522567939,0.6400131870274632,0.1250750648088641,-0.3757882603400135,0.6810897132316699,0.118260967338643,-0.2082891521264132,3.1859509994179627,0.0177105071521443,0.964366486666102,1.2439068789334502,0.1491870844766658,1.1374894062375356,0.1367188827616525,0.757213883188265,0.1454678062632997,-0.3505632522567939,0.6382368454721908,0.1247074014374436,-0.3757882603400136,False,False,False,0.8918918918918919,True,54.333333333333336,50,True,
001,r001_Q_LOWACC_overall,A:single,"{""floor"": 50, ""freq"": ""A"", ""q"": 0.2, ""rank"": ""overall"", ""signal"": ""Q_LOWACC"", ""weight"": ""EW""}",rounds/round_001/run.py,0.8627399578572249,0.1857807300103005,-0.3617605297226034,0.6400131870274632,0.1250750648088641,-0.3757882603400135,0.6810897132316699,0.3332528621951851,0.0502669737840417,2.9514607509088706,0.0561277080788035,2.891433172732051,0.7866725104312327,0.107853349953378,1.1374894062375356,0.1367188827616525,0.8548628076863812,0.1839516188694241,-0.3617605297226035,0.6382368454721908,0.1247074014374436,-0.3757882603400136,True,True,True,1.0,True,63.25,51,True,
001,r001_Q_LOWACC_sector,A:single,"{""floor"": 50, ""freq"": ""A"", ""q"": 0.2, ""rank"": ""sector"", ""signal"": ""Q_LOWACC"", ""weight"": ""EW""}",rounds/round_001/run.py,0.8124768641108556,0.1685840371611298,-0.3674177978663343,0.6400131870274632,0.1250750648088641,-0.3757882603400135,0.6810897132316699,0.2653004626407143,0.1105685098586908,2.731059288642719,0.0399422515624126,2.4016623842689273,0.9205319915514506,0.1216207691562039,1.1374894062375356,0.1367188827616525,0.8035091040170672,0.1666085339794967,-0.3674177978663344,0.6382368454721908,0.1247074014374436,-0.3757882603400136,False,False,False,1.0,True,63.25,51,True,
001,r001_V_BM_overall,A:single,"{""floor"": 50, ""freq"": ""A"", ""q"": 0.2, ""rank"": ""overall"", ""signal"": ""V_BM"", ""weight"": ""EW""}",rounds/round_001/run.py,0.4836924440896509,0.1086866575609624,-0.4935926554440948,0.6400131870274632,0.1250750648088641,-0.3757882603400135,0.6810897132316699,-0.0050888643137074,0.0790641384874137,7.502752014497265,-0.0017604431218734,-0.0388283893909266,1.115564015970041,0.1350773224228758,1.1374894062375356,0.1367188827616525,0.479872620452251,0.1076645982108599,-0.4935926554440947,0.6382368454721908,0.1247074014374436,-0.3757882603400136,False,False,False,0.4054054054054054,False,63.666666666666664,51,True,
001,r001_V_BM_sector,A:single,"{""floor"": 50, ""freq"": ""A"", ""q"": 0.2, ""rank"": ""sector"", ""signal"": ""V_BM"", ""weight"": ""EW""}",rounds/round_001/run.py,0.5137946832892754,0.1134138612705317,-0.4463357822092596,0.6400131870274632,0.1250750648088641,-0.3757882603400135,0.6810897132316699,-0.0030419400492865,0.4542163865424743,6.587470479330648,-0.0008279268228592,-0.0225524178147729,1.0360361542032632,0.1372099744270589,1.1374894062375356,0.1367188827616525,0.5093289392548126,0.1122772549658304,-0.4463357822092597,0.6382368454721908,0.1247074014374436,-0.3757882603400136,False,False,False,0.2162162162162162,False,63.666666666666664,51,True,
001,r001_V_EP_overall,A:single,"{""floor"": 50, ""freq"": ""A"", ""q"": 0.2, ""rank"": ""overall"", ""signal"": ""V_EP"", ""weight"": ""EW""}",rounds/round_001/run.py,0.4754733356854376,0.1028162845513447,-0.4702016182838469,0.6400131870274632,0.1250750648088641,-0.3757882603400135,0.6810897132316699,-0.0394282764867694,-0.4377182989591953,5.670787102306709,-0.0106501419231126,-0.2877912939343421,0.9910765542375296,0.1225381798478055,1.1374894062375356,0.1367188827616525,0.4686168268918133,0.1010905024937169,-0.4704690832037117,0.6382368454721908,0.1247074014374436,-0.3757882603400136,False,False,False,0.3513513513513513,False,63.416666666666664,51,True,
001,r001_V_EP_sector,A:single,"{""floor"": 50, ""freq"": ""A"", ""q"": 0.2, ""rank"": ""sector"", ""signal"": ""V_EP"", ""weight"": ""EW""}",rounds/round_001/run.py,0.5350617064609934,0.1126091251911152,-0.4281119473577411,0.6400131870274632,0.1250750648088641,-0.3757882603400135,0.6810897132316699,-0.0304243108293822,-0.4715852561796214,4.754564081038255,-0.0056777091187845,-0.222367696986028,0.9900376749529878,0.1217661936407492,1.1374894062375356,0.1367188827616525,0.5272941270719288,0.1107751134240162,-0.4281119473577411,0.6382368454721908,0.1247074014374436,-0.3757882603400136,False,False,False,0.4054054054054054,False,63.416666666666664,51,True,
001,r001_V_EBITEV_overall,A:single,"{""floor"": 50, ""freq"": ""A"", ""q"": 0.2, ""rank"": ""overall"", ""signal"": ""V_EBITEV"", ""weight"": ""EW""}",rounds/round_001/run.py,0.55299541305052,0.1236661962867251,-0.4451001267517799,0.6400131870274632,0.1250750648088641,-0.3757882603400135,0.6810897132316699,0.0260870590358957,0.3069574537929047,4.3735745168210265,0.0080768323730767,0.2181653776335699,1.0987219236318029,0.1388458078455854,1.1374894062375356,0.1367188827616525,0.5469891916025202,0.1221006861510396,-0.4451001267517799,0.6382368454721908,0.1247074014374436,-0.3757882603400136,False,False,False,0.5135135135135135,False,52.166666666666664,50,True,
001,r001_V_EBITEV_sector,A:single,"{""floor"": 50, ""freq"": ""A"", ""q"": 0.2, ""rank"": ""sector"", ""signal"": ""V_EBITEV"", ""weight"": ""EW""}",rounds/round_001/run.py,0.4821371376114836,0.101376816517654,-0.437410600302639,0.6400131870274632,0.1250750648088641,-0.3757882603400135,0.6810897132316699,-0.0672619359573313,-0.2492716954407983,4.908987874953256,-0.0149023879298468,-0.4996577787521493,1.1989376404854943,0.1424822064781699,1.1374894062375356,0.1367188827616525,0.4758541603356818,0.0998699184716742,-0.437410600302639,0.6382368454721908,0.1247074014374436,-0.3757882603400136,False,False,False,0.1891891891891892,False,52.166666666666664,50,True,
001,r001_V_FCFP_overall,A:single,"{""floor"": 50, ""freq"": ""A"", ""q"": 0.2, ""rank"": ""overall"", ""signal"": ""V_FCFP"", ""weight"": ""EW""}",rounds/round_001/run.py,0.6287804530898683,0.1368635656994157,-0.4053987753226947,0.6400131870274632,0.1250750648088641,-0.3757882603400135,0.6810897132316699,0.0682588101026147,0.7064508594453754,4.641420026260138,0.0162614935373551,0.4806780122473775,1.0307501652099105,0.1372548565459552,1.1374894062375356,0.1367188827616525,0.6227811801482337,0.1354238583659697,-0.4053987753226948,0.6382368454721908,0.1247074014374436,-0.3757882603400136,False,False,False,0.5945945945945946,False,60.25,50,True,
001,r001_V_FCFP_sector,A:single,"{""floor"": 50, ""freq"": ""A"", ""q"": 0.2, ""rank"": ""sector"", ""signal"": ""V_FCFP"", ""weight"": ""EW""}",rounds/round_001/run.py,0.5652854916330343,0.1198676582374995,-0.4199969954374063,0.6400131870274632,0.1250750648088641,-0.3757882603400135,0.6810897132316699,0.0031626221139414,0.2557693007403517,4.505797399367812,0.00063302494761,0.0227614630849088,1.0497447618133764,0.1368948354752202,1.1374894062375356,0.1367188827616525,0.5588375113331602,0.1183524518946013,-0.4199969954374063,0.6382368454721908,0.1247074014374436,-0.3757882603400136,False,False,False,0.6216216216216216,False,60.25,50,True,
001,r001_I_LOWISS_overall,A:single,"{""floor"": 50, ""freq"": ""A"", ""q"": 0.2, ""rank"": ""overall"", ""signal"": ""I_LOWISS"", ""weight"": ""EW""}",rounds/round_001/run.py,0.6509318702425817,0.1356121505330139,-0.395337753883452,0.6400131870274632,0.1250750648088641,-0.3757882603400135,0.6810897132316699,0.0871023637023914,0.5870939838553918,3.9783847480731698,0.0123069145546073,0.6533902755039892,1.0903832434922558,0.1371535372707772,1.1374894062375356,0.1367188827616525,0.6437364166616766,0.1339847857879073,-0.3953377538834521,0.6382368454721908,0.1247074014374436,-0.3757882603400136,False,False,False,1.0,True,62.833333333333336,50,True,
001,r001_I_LOWISS_sector,A:single,"{""floor"": 50, ""freq"": ""A"", ""q"": 0.2, ""rank"": ""sector"", ""signal"": ""I_LOWISS"", ""weight"": ""EW""}",rounds/round_001/run.py,0.6683240264843625,0.1334947215041915,-0.3840711039578344,0.6400131870274632,0.1250750648088641,-0.3757882603400135,0.6810897132316699,0.0895137235057936,0.0198409670632718,3.256365049900291,0.0082599618560999,0.6475650464353764,1.0893339351443894,0.1351544819634895,1.1374894062375356,0.1367188827616525,0.6602215726281238,0.1317829522532032,-0.3840711039578344,0.6382368454721908,0.1247074014374436,-0.3757882603400136,False,False,False,0.972972972972973,True,62.833333333333336,50,True,
001,r001_I_LOWAG_overall,A:single,"{""floor"": 50, ""freq"": ""A"", ""q"": 0.2, ""rank"": ""overall"", ""signal"": ""I_LOWAG"", ""weight"": ""EW""}",rounds/round_001/run.py,0.637664676558283,0.1300199649889779,-0.3747526942659599,0.6400131870274632,0.1250750648088641,-0.3757882603400135,0.6810897132316699,0.0283145734283486,0.7408689597667575,4.532621243899428,0.0063064208047793,0.221814252405831,1.0993004693407469,0.1435205788113918,1.1374894062375356,0.1367188827616525,0.6284757119005587,0.1280401323147222,-0.3747526942659599,0.6382368454721908,0.1247074014374436,-0.3757882603400136,False,False,False,0.4864864864864865,False,63.583333333333336,51,True,
001,r001_I_LOWAG_sector,A:single,"{""floor"": 50, ""freq"": ""A"", ""q"": 0.2, ""rank"": ""sector"", ""signal"": ""I_LOWAG"", ""weight"": ""EW""}",rounds/round_001/run.py,0.6856964898131523,0.1415967276339846,-0.39344462498474,0.6400131870274632,0.1250750648088641,-0.3757882603400135,0.6810897132316699,0.0989715968803712,0.7147939320997493,4.359064964221675,0.0171162455980015,0.8087272842258335,1.1806042564073458,0.1524035232650835,1.1374894062375356,0.1367188827616525,0.6766929642692934,0.139641050075447,-0.39344462498474,0.6382368454721908,0.1247074014374436,-0.3757882603400136,False,False,False,0.4864864864864865,False,63.583333333333336,51,True,
001,r001_A_FSCORE_overall,A:single,"{""floor"": 50, ""freq"": ""A"", ""q"": 0.2, ""rank"": ""overall"", ""signal"": ""A_FSCORE"", ""weight"": ""EW""}",rounds/round_001/run.py,0.5841002121995031,0.1153660223532477,-0.3854461551943932,0.6400131870274632,0.1250750648088641,-0.3757882603400135,0.6810897132316699,-0.0637767828554751,0.0746992048281389,3.4371594046622516,-0.0078546714372344,-0.6131585067236021,1.048056894656548,0.1321912486461292,1.1374894062375356,0.1367188827616525,0.5736295826093776,0.113119876418859,-0.3854461551943933,0.6382368454721908,0.1247074014374436,-0.3757882603400136,False,False,False,0.4324324324324324,False,58.583333333333336,50,True,
001,r001_A_FSCORE_sector,A:single,"{""floor"": 50, ""freq"": ""A"", ""q"": 0.2, ""rank"": ""sector"", ""signal"": ""A_FSCORE"", ""weight"": ""EW""}",rounds/round_001/run.py,0.5738775337483152,0.1128323279813998,-0.399580061038827,0.6400131870274632,0.1250750648088641,-0.3757882603400135,0.6810897132316699,-0.080695825528667,0.1422785827133313,3.2606683874638183,-0.0102154037735969,-0.7488794315493459,1.157455562373897,0.1405839552130903,1.1374894062375356,0.1367188827616525,0.5635154666801571,0.1106132234069898,-0.399580061038827,0.6382368454721908,0.1247074014374436,-0.3757882603400136,False,False,False,0.4864864864864865,False,58.583333333333336,50,True,
001,r001_A_GSCORE_overall,A:single,"{""floor"": 50, ""freq"": ""A"", ""q"": 0.2, ""rank"": ""overall"", ""signal"": ""A_GSCORE"", ""weight"": ""EW""}",rounds/round_001/run.py,0.7927598966609659,0.1467973441143166,-0.3079707100878073,0.6400131870274632,0.1250750648088641,-0.3757882603400135,0.6810897132316699,0.0993566421426671,1.440211744246641,9.108392803324188,0.0163987827437533,0.8297239860608576,1.1901086105816854,0.1342177299467879,1.1374894062375356,0.1367188827616525,0.7866413685548365,0.1455770488009271,-0.3079707100878075,0.6382368454721908,0.1247074014374436,-0.3757882603400136,False,False,False,0.7297297297297297,True,63.083333333333336,50,True,
001,r001_A_GSCORE_sector,A:single,"{""floor"": 50, ""freq"": ""A"", ""q"": 0.2, ""rank"": ""sector"", ""signal"": ""A_GSCORE"", ""weight"": ""EW""}",rounds/round_001/run.py,0.6669533464325174,0.1217516195902161,-0.3269886265084605,0.6400131870274632,0.1250750648088641,-0.3757882603400135,0.6810897132316699,-0.0439810512482091,1.2071734339009774,6.4581979549518085,-0.0060340578224539,-0.3978194378135198,1.216862121602273,0.1348576233779144,1.1374894062375356,0.1367188827616525,0.6599163800965844,0.1204089437710542,-0.3269886265084605,0.6382368454721908,0.1247074014374436,-0.3757882603400136,False,False,False,0.1351351351351351,False,63.083333333333336,50,True,
001,r001_A_ALTMANZ_overall,A:single,"{""floor"": 50, ""freq"": ""A"", ""q"": 0.2, ""rank"": ""overall"", ""signal"": ""A_ALTMANZ"", ""weight"": ""EW""}",rounds/round_001/run.py,0.7834075616659679,0.1621042282564111,-0.3376807134036353,0.6400131870274632,0.1250750648088641,-0.3757882603400135,0.6810897132316699,0.1190578320625369,-0.1242588362542927,3.5473274654510205,0.0345188358439763,0.852456959097145,0.99986872528021,0.1259280691444315,1.1374894062375356,0.1367188827616525,0.7804707212385239,0.1614222584666607,-0.3381459322330078,0.6382368454721908,0.1247074014374436,-0.3757882603400136,False,False,False,0.8378378378378378,True,54.0,50,True,
001,r001_A_ALTMANZ_sector,A:single,"{""floor"": 50, ""freq"": ""A"", ""q"": 0.2, ""rank"": ""sector"", ""signal"": ""A_ALTMANZ"", ""weight"": ""EW""}",rounds/round_001/run.py,0.7328302262385827,0.1432839273405091,-0.3339745218145358,0.6400131870274632,0.1250750648088641,-0.3757882603400135,0.6810897132316699,0.0691030235233974,-0.2839560307375622,3.778574574639835,0.0157376417383195,0.4805751078938396,1.007721649878286,0.1203203842845956,1.1374894062375356,0.1367188827616525,0.7284345640680637,0.1423506263230296,-0.3339745218145358,0.6382368454721908,0.1247074014374436,-0.3757882603400136,False,False,False,0.6486486486486487,False,54.0,50,True,
001,r001_A_SHY_overall,A:single,"{""floor"": 50, ""freq"": ""A"", ""q"": 0.2, ""rank"": ""overall"", ""signal"": ""A_SHY"", ""weight"": ""EW""}",rounds/round_001/run.py,0.7513913464928585,0.1675769427147555,-0.4062147987369875,0.6400131870274632,0.1250750648088641,-0.3757882603400135,0.6810897132316699,0.1654456400436637,1.464766913613364,6.710069171272748,0.0430103675017354,1.2283748701462176,1.2360774250717768,0.158844869787714,1.1374894062375356,0.1367188827616525,0.7443222249756597,0.1658332424047892,-0.4062147987369876,0.6382368454721908,0.1247074014374436,-0.3757882603400136,False,False,False,0.918918918918919,True,63.75,51,True,
001,r001_A_SHY_sector,A:single,"{""floor"": 50, ""freq"": ""A"", ""q"": 0.2, ""rank"": ""sector"", ""signal"": ""A_SHY"", ""weight"": ""EW""}",rounds/round_001/run.py,0.6900270466531805,0.145487873306064,-0.4014243963003006,0.6400131870274632,0.1250750648088641,-0.3757882603400135,0.6810897132316699,0.1132430752784415,1.0067398539036858,5.727643366354081,0.0214313527197714,0.8192824609824974,1.1471681090896129,0.1454765661015844,1.1374894062375356,0.1367188827616525,0.6824772574394249,0.1437504698295464,-0.4014243963003004,0.6382368454721908,0.1247074014374436,-0.3757882603400136,False,False,False,0.7297297297297297,True,63.75,51,True,
001,r001_A_STAB_overall,A:single,"{""floor"": 50, ""freq"": ""A"", ""q"": 0.2, ""rank"": ""overall"", ""signal"": ""A_STAB"", ""weight"": ""EW""}",rounds/round_001/run.py,0.6271094414484905,0.1113943151195686,-0.365857156142462,0.6400131870274632,0.1250750648088641,-0.3757882603400135,0.6810897132316699,-0.0912910210240909,0.0016448846863976,3.070387511016685,-0.0162369354991114,-0.9127630083391228,1.3919182772675127,0.154894129431631,1.1374894062375356,0.1367188827616525,0.6207123332665765,0.110255195062928,-0.365857156142462,0.6382368454721908,0.1247074014374436,-0.3757882603400136,False,False,False,0.081081081081081,False,57.75,5,False,
001,r001_A_STAB_sector,A:single,"{""floor"": 50, ""freq"": ""A"", ""q"": 0.2, ""rank"": ""sector"", ""signal"": ""A_STAB"", ""weight"": ""EW""}",rounds/round_001/run.py,0.6102328893195653,0.1173584640337803,-0.3816711998121508,0.6400131870274632,0.1250750648088641,-0.3757882603400135,0.6810897132316699,-0.0733475135316424,-0.1275060681823543,5.329684218247203,-0.0074700572175348,-0.6925323686812123,1.4225257893857464,0.1686431468184077,1.1374894062375356,0.1367188827616525,0.6035867162465827,0.1160205366324147,-0.3816711998121508,0.6382368454721908,0.1247074014374436,-0.3757882603400136,False,False,False,0.5945945945945946,False,57.75,5,False,
001,r001_A_LOWLEV_overall,A:single,"{""floor"": 50, ""freq"": ""A"", ""q"": 0.2, ""rank"": ""overall"", ""signal"": ""A_LOWLEV"", ""weight"": ""EW""}",rounds/round_001/run.py,0.6219213169875426,0.1261034335029611,-0.3566277522679737,0.6400131870274632,0.1250750648088641,-0.3757882603400135,0.6810897132316699,0.0185165183937246,-0.0668526722202673,2.6219253199925077,0.0029048659819516,0.1359320100513962,0.952690021742443,0.1260968241390943,1.1374894062375356,0.1367188827616525,0.6185557048002406,0.1253531938013745,-0.3566277522679737,0.6382368454721908,0.1247074014374436,-0.3757882603400136,False,False,False,0.4864864864864865,False,63.666666666666664,51,True,
001,r001_A_LOWLEV_sector,A:single,"{""floor"": 50, ""freq"": ""A"", ""q"": 0.2, ""rank"": ""sector"", ""signal"": ""A_LOWLEV"", ""weight"": ""EW""}",rounds/round_001/run.py,0.6808762301098826,0.1387704407163548,-0.371044361759587,0.6400131870274632,0.1250750648088641,-0.3757882603400135,0.6810897132316699,0.1100941714086025,-0.0368834240061217,2.947549068413841,0.0139074678861477,0.9010087238785824,1.0232038111060775,0.1200613991872889,1.1374894062375356,0.1367188827616525,0.6764787432381945,0.1378037647811285,-0.371044361759587,0.6382368454721908,0.1247074014374436,-0.3757882603400136,False,False,False,0.8648648648648649,True,63.666666666666664,51,True,
001,r001_F_ALTMAN,A:filter,"{""filter"": ""F_ALTMAN"", ""freq"": ""A"", ""weight"": ""EW""}",rounds/round_001/run.py,0.6688718085448825,0.1311545632785018,-0.3675178793169035,0.6400131870274632,0.1250750648088641,-0.3757882603400135,0.6810897132316699,0.1024457187047599,-0.4783586465916819,3.3326640717155116,0.0054056917035209,0.7634441199268024,1.0772477065316033,0.1346104743191958,1.1374894062375356,0.1367188827616525,0.6668658422226522,0.1307332303998873,-0.3675178793169034,0.6382368454721908,0.1247074014374436,-0.3757882603400136,False,False,False,0.972972972972973,True,265.75,227,True,
001,r001_F_BENEISH,A:filter,"{""filter"": ""F_BENEISH"", ""freq"": ""A"", ""weight"": ""EW""}",rounds/round_001/run.py,0.6398255191000112,0.1247306003308805,-0.3757882603400135,0.6400131870274632,0.1250750648088641,-0.3757882603400135,0.6810897132316699,-0.0515834268048597,0.1506424345761776,4.743729975627445,-0.0004262831535287,-0.3956143600643323,1.1482025761838652,0.1374181802822904,1.1374894062375356,0.1367188827616525,0.6379514751407224,0.1243442392106766,-0.3757882603400135,0.6382368454721908,0.1247074014374436,-0.3757882603400136,False,False,False,0.4054054054054054,False,315.0833333333333,253,True,
001,r001_F_BOTH,A:filter,"{""filter"": ""F_BOTH"", ""freq"": ""A"", ""weight"": ""EW""}",rounds/round_001/run.py,0.6727171685285462,0.1318238194993779,-0.3675178793169034,0.6400131870274632,0.1250750648088641,-0.3757882603400135,0.6810897132316699,0.116816291379363,-0.4453543775912654,3.2585332517485273,0.005939531114362,0.8576100080612602,1.0881914786329565,0.1353977718623007,1.1374894062375356,0.1367188827616525,0.6706309611982015,0.1313870086102488,-0.3675178793169033,0.6382368454721908,0.1247074014374436,-0.3757882603400136,False,False,False,0.972972972972973,True,263.0833333333333,225,True,
002,r002_B_QV_overall,B:composite,"{""composite"": ""B_QV"", ""floor"": 50, ""freq"": ""A"", ""q"": 0.2, ""rank"": ""overall"", ""weight"": ""EW""}",rounds/round_002/run.py,0.508614468963006,0.11208763008554623,-0.4571142244066274,0.6400131870274632,0.1250750648088641,-0.37578826034001356,0.6810897132316699,-0.007311945061527321,-0.1392420359517214,6.304108832434671,-0.0019752075941313714,-0.059450847371828666,1.0174459156603253,0.1304102114500001,1.1374894062375356,0.13671888276165256,0.5027210474293602,0.11057330929058762,-0.4571142244066274,0.6382368454721908,0.12470740143744363,-0.37578826034001367,False,False,False,0.40540540540540543,False,63.416666666666664,51,True,
002,r002_B_QV_sector,B:composite,"{""composite"": ""B_QV"", ""floor"": 50, ""freq"": ""A"", ""q"": 0.2, ""rank"": ""sector"", ""weight"": ""EW""}",rounds/round_002/run.py,0.5523118855519032,0.11634310999351682,-0.43640924129730096,0.6400131870274632,0.1250750648088641,-0.37578826034001356,0.6810897132316699,-0.013697782914129781,-0.5417183203403231,4.784273536419341,-0.0025489265524222815,-0.10598926433605177,1.2152623259196387,0.1466413546801406,1.1374894062375356,0.13671888276165256,0.5458122939470675,0.11480140729389543,-0.4364092412973011,0.6382368454721908,0.12470740143744363,-0.37578826034001367,False,False,False,0.3783783783783784,False,63.416666666666664,51,True,
002,r002_B_QUAL_overall,B:composite,"{""composite"": ""B_QUAL"", ""floor"": 50, ""freq"": ""A"", ""q"": 0.2, ""rank"": ""overall"", ""weight"": ""EW""}",rounds/round_002/run.py,0.7550090272858305,0.15119595111037065,-0.32253204906209954,0.6400131870274632,0.1250750648088641,-0.37578826034001356,0.6810897132316699,0.1264532010576641,-0.09023352235671016,2.9523438315208352,0.02349611143823238,0.8991438000668871,0.8904490037548867,0.11141498705690922,1.1374894062375356,0.13671888276165256,0.7498851212286309,0.15006640263068904,-0.3225320490620994,0.6382368454721908,0.12470740143744363,-0.37578826034001367,False,False,False,0.8378378378378378,True,63.416666666666664,51,True,
002,r002_B_QUAL_sector,B:composite,"{""composite"": ""B_QUAL"", ""floor"": 50, ""freq"": ""A"", ""q"": 0.2, ""rank"": ""sector"", ""weight"": ""EW""}",rounds/round_002/run.py,0.7115613255268649,0.1372226972801065,-0.35085334099749066,0.6400131870274632,0.1250750648088641,-0.37578826034001356,0.6810897132316699,0.06348996145164887,-0.11521420506514486,3.2698048641283513,0.009818655164812617,0.5110505305097944,0.9540470886645404,0.11564184536502675,1.1374894062375356,0.13671888276165256,0.7054505304183678,0.13595573622839008,-0.35085334099749077,0.6382368454721908,0.12470740143744363,-0.37578826034001367,False,False,False,0.5405405405405406,False,63.416666666666664,51,True,
002,r002_B_FV_overall,B:composite,"{""composite"": ""B_FV"", ""floor"": 50, ""freq"": ""A"", ""q"": 0.2, ""rank"": ""overall"", ""weight"": ""EW""}",rounds/round_002/run.py,0.4893295866838949,0.10395585408356567,-0.4710849712673387,0.6400131870274632,0.1250750648088641,-0.37578826034001356,0.6810897132316699,-0.05178652668949559,-1.2673841587810493,6.872668928552582,-0.011484813367048133,-0.4101139859613124,1.1597647199281766,0.14564185166391241,1.1374894062375356,0.13671888276165256,0.4807825934438282,0.10186428275563753,-0.47108497126733884,0.6382368454721908,0.12470740143744363,-0.37578826034001367,False,False,False,0.21621621621621623,False,58.583333333333336,50,True,
002,r002_B_FV_sector,B:composite,"{""composite"": ""B_FV"", ""floor"": 50, ""freq"": ""A"", ""q"": 0.2, ""rank"": ""sector"", ""weight"": ""EW""}",rounds/round_002/run.py,0.531719954855813,0.10757383293728107,-0.41323580325602915,0.6400131870274632,0.1250750648088641,-0.37578826034001356,0.6810897132316699,-0.09245510818858178,-0.7468351180863239,4.403147402398089,-0.013084479375461644,-0.8194990181345626,1.1064513615960136,0.13426114610605677,1.1374894062375356,0.13671888276165256,0.5223138648297613,0.10547538535358392,-0.41323580325602915,0.6382368454721908,0.12470740143744363,-0.37578826034001367,False,False,False,0.40540540540540543,False,58.583333333333336,50,True,
002,r002_B_SHYQ_overall,B:composite,"{""composite"": ""B_SHYQ"", ""floor"": 50, ""freq"": ""A"", ""q"": 0.2, ""rank"": ""overall"", ""weight"": ""EW""}",rounds/round_002/run.py,0.820634532307809,0.17585255689118973,-0.3835488721355782,0.6400131870274632,0.1250750648088641,-0.37578826034001356,0.6810897132316699,0.26247589835575486,1.7107196341580326,7.274267420838041,0.047549848958893526,2.130535311881375,1.2114837569544703,0.14664071786999244,1.1374894062375356,0.13671888276165256,0.8139948214309053,0.17428360672092014,-0.3835488721355783,0.6382368454721908,0.12470740143744363,-0.37578826034001367,False,False,False,1.0,True,63.416666666666664,51,True,
002,r002_B_SHYQ_sector,B:composite,"{""composite"": ""B_SHYQ"", ""floor"": 50, ""freq"": ""A"", ""q"": 0.2, ""rank"": ""sector"", ""weight"": ""EW""}",rounds/round_002/run.py,0.6997687127712773,0.14124272261346427,-0.40091002897216943,0.6400131870274632,0.1250750648088641,-0.37578826034001356,0.6810897132316699,0.11960808949286465,-0.1485183082334976,3.526951100650074,0.015545753460825318,0.9268658881249444,1.287659148033692,0.15122400178622697,1.1374894062375356,0.13671888276165256,0.6925210979947967,0.13964280636013982,-0.40091002897216943,0.6382368454721908,0.12470740143744363,-0.37578826034001367,False,False,False,0.6216216216216216,False,63.416666666666664,51,True,
002,r002_B_QVI_overall,B:composite,"{""composite"": ""B_QVI"", ""floor"": 50, ""freq"": ""A"", ""q"": 0.2, ""rank"": ""overall"", ""weight"": ""EW""}",rounds/round_002/run.py,0.6284232041330816,0.13496333849281927,-0.4059758949523642,0.6400131870274632,0.1250750648088641,-0.37578826034001356,0.6810897132316699,0.06752332209121807,0.9096646391031241,5.838621710392048,0.013699971884437981,0.5100721720512853,1.0991766366974347,0.13682079179569606,1.1374894062375356,0.13671888276165256,0.6213624942869259,0.1332814231494559,-0.4059758949523642,0.6382368454721908,0.12470740143744363,-0.37578826034001367,False,False,False,0.7837837837837838,True,63.333333333333336,51,True,
002,r002_B_QVI_sector,B:composite,"{""composite"": ""B_QVI"", ""floor"": 50, ""freq"": ""A"", ""q"": 0.2, ""rank"": ""sector"", ""weight"": ""EW""}",rounds/round_002/run.py,0.6239732037334033,0.12665840457418942,-0.4017583424063351,0.6400131870274632,0.1250750648088641,-0.37578826034001356,0.6810897132316699,0.022155385294779447,-0.08974704868561344,3.73308340017326,0.003407591040589001,0.15824527463818175,1.1645995085772047,0.13965989256211975,1.1374894062375356,0.13671888276165256,0.6164813824049189,0.1250095173073782,-0.4017583424063351,0.6382368454721908,0.12470740143744363,-0.37578826034001367,False,False,False,0.5135135135135135,False,63.333333333333336,51,True,
002,r002_B_QARP_overall,B:composite,"{""composite"": ""B_QARP"", ""floor"": 50, ""freq"": ""A"", ""q"": 0.2, ""rank"": ""overall"", ""weight"": ""EW""}",rounds/round_002/run.py,0.5820430192996788,0.12545385375277918,-0.4225267111729831,0.6400131870274632,0.1250750648088641,-0.37578826034001356,0.6810897132316699,0.03225811132435358,0.3249975798374421,5.646056842832754,0.006481497931132027,0.2647328172699133,0.9409347604016799,0.11825132396707771,1.1374894062375356,0.13671888276165256,0.5761510004063316,0.12403684781407542,-0.422526711172983,0.6382368454721908,0.12470740143744363,-0.37578826034001367,False,False,False,0.6216216216216216,False,63.416666666666664,51,True,
002,r002_B_QARP_sector,B:composite,"{""composite"": ""B_QARP"", ""floor"": 50, ""freq"": ""A"", ""q"": 0.2, ""rank"": ""sector"", ""weight"": ""EW""}",rounds/round_002/run.py,0.5922852139615266,0.12003480739838257,-0.40444140291085307,0.6400131870274632,0.1250750648088641,-0.37578826034001356,0.6810897132316699,-0.017029028657354114,-0.024665259679260122,3.707928440440266,-0.002260436053060403,-0.13322042572205245,1.1106481805229098,0.12773819618501592,1.1374894062375356,0.13671888276165256,0.5853930892048677,0.11850626839208678,-0.40444140291085295,0.6382368454721908,0.12470740143744363,-0.37578826034001367,False,False,False,0.21621621621621623,False,63.416666666666664,51,True,
