R,cik,ticker,yahoo,price_flag,cur_ticker,reason_not_applicable
2021-06-30,815094.0,ABMD,,no_price,,ไม่อยู่ใน universe (ข้อมูลราคา/market cap: no_price)
2021-06-30,4977.0,AFL,AFL,ok,AFL,กลุ่มการเงิน (SIC 6000–6799) — กฎนี้ไม่ครอบคลุม
2021-06-30,5272.0,AIG,AIG,ok,AIG,กลุ่มการเงิน (SIC 6000–6799) — กฎนี้ไม่ครอบคลุม
2021-06-30,1267238.0,AIZ,AIZ,ok,AIZ,กลุ่มการเงิน (SIC 6000–6799) — กฎนี้ไม่ครอบคลุม
2021-06-30,354190.0,AJG,AJG,ok,AJG,กลุ่มการเงิน (SIC 6000–6799) — กฎนี้ไม่ครอบคลุม
2021-06-30,899051.0,ALL,ALL,ok,ALL,กลุ่มการเงิน (SIC 6000–6799) — กฎนี้ไม่ครอบคลุม
2021-06-30,899866.0,ALXN,,no_price,,ไม่อยู่ใน universe (ข้อมูลราคา/market cap: no_price)
2021-06-30,820027.0,AMP,AMP,ok,AMP,กลุ่มการเงิน (SIC 6000–6799) — กฎนี้ไม่ครอบคลุม
2021-06-30,1053507.0,AMT,AMT,ok,AMT,กลุ่มการเงิน (SIC 6000–6799) — กฎนี้ไม่ครอบคลุม
2021-06-30,1013462.0,ANSS,,no_price,,ไม่อยู่ใน universe (ข้อมูลราคา/market cap: no_price)
2021-06-30,1156039.0,ANTM,ELV,ok,ELV,กลุ่มการเงิน (SIC 6000–6799) — กฎนี้ไม่ครอบคลุม
2021-06-30,315293.0,AON,AON,ok,AON,กลุ่มการเงิน (SIC 6000–6799) — กฎนี้ไม่ครอบคลุม
2021-06-30,1035443.0,ARE,ARE,ok,ARE,กลุ่มการเงิน (SIC 6000–6799) — กฎนี้ไม่ครอบคลุม
2021-06-30,718877.0,ATVI,,no_price,,ไม่อยู่ใน universe (ข้อมูลราคา/market cap: no_price)
2021-06-30,915912.0,AVB,,no_price,,กลุ่มการเงิน (SIC 6000–6799) — กฎนี้ไม่ครอบคลุม
2021-06-30,4962.0,AXP,AXP,ok,AXP,กลุ่มการเงิน (SIC 6000–6799) — กฎนี้ไม่ครอบคลุม
2021-06-30,70858.0,BAC,BAC,ok,BAC,กลุ่มการเงิน (SIC 6000–6799) — กฎนี้ไม่ครอบคลุม
2021-06-30,38777.0,BEN,BEN,ok,BEN,กลุ่มการเงิน (SIC 6000–6799) — กฎนี้ไม่ครอบคลุม
2021-06-30,1390777.0,BK,BNY,ok,BNY,กลุ่มการเงิน (SIC 6000–6799) — กฎนี้ไม่ครอบคลุม
2021-06-30,1701605.0,BKR,BKR,ok_no_shares,BKR,ไม่อยู่ใน universe (ข้อมูลราคา/market cap: ok_no_shares)
2021-06-30,1364742.0,BLK,BLK,ok,,กลุ่มการเงิน (SIC 6000–6799) — กฎนี้ไม่ครอบคลุม
2021-06-30,1067983.0,BRK.B,BRK-B,ok_no_shares,BRK-B,กลุ่มการเงิน (SIC 6000–6799) — กฎนี้ไม่ครอบคลุม
2021-06-30,1037540.0,BXP,BXP,ok,BXP,กลุ่มการเงิน (SIC 6000–6799) — กฎนี้ไม่ครอบคลุม
2021-06-30,831001.0,C,C,ok,C,กลุ่มการเงิน (SIC 6000–6799) — กฎนี้ไม่ครอบคลุม
2021-06-30,896159.0,CB,CB,ok,CB,กลุ่มการเงิน (SIC 6000–6799) — กฎนี้ไม่ครอบคลุม
2021-06-30,1374310.0,CBOE,CBOE,ok,CBOE,กลุ่มการเงิน (SIC 6000–6799) — กฎนี้ไม่ครอบคลุม
2021-06-30,1138118.0,CBRE,CBRE,ok,CBRE,กลุ่มการเงิน (SIC 6000–6799) — กฎนี้ไม่ครอบคลุม
2021-06-30,1051470.0,CCI,CCI,ok,CCI,กลุ่มการเงิน (SIC 6000–6799) — กฎนี้ไม่ครอบคลุม
2021-06-30,804753.0,CERN,,no_price,,ไม่อยู่ใน universe (ข้อมูลราคา/market cap: no_price)
2021-06-30,759944.0,CFG,CFG,ok,CFG,กลุ่มการเงิน (SIC 6000–6799) — กฎนี้ไม่ครอบคลุม
2021-06-30,1739940.0,CI,CI,ok,CI,กลุ่มการเงิน (SIC 6000–6799) — กฎนี้ไม่ครอบคลุม
2021-06-30,20286.0,CINF,CINF,ok,CINF,กลุ่มการเงิน (SIC 6000–6799) — กฎนี้ไม่ครอบคลุม
2021-06-30,28412.0,CMA,,no_price,,กลุ่มการเงิน (SIC 6000–6799) — กฎนี้ไม่ครอบคลุม
2021-06-30,1156375.0,CME,CME,ok,CME,กลุ่มการเงิน (SIC 6000–6799) — กฎนี้ไม่ครอบคลุม
2021-06-30,1071739.0,CNC,CNC,ok,CNC,กลุ่มการเงิน (SIC 6000–6799) — กฎนี้ไม่ครอบคลุม
2021-06-30,927628.0,COF,COF,ok,COF,กลุ่มการเงิน (SIC 6000–6799) — กฎนี้ไม่ครอบคลุม
2021-06-30,858470.0,COG,,no_price,,ไม่อยู่ใน universe (ข้อมูลราคา/market cap: no_price)
2021-06-30,1596783.0,CTLT,,no_price,,ไม่อยู่ใน universe (ข้อมูลราคา/market cap: no_price)
2021-06-30,877890.0,CTXS,,no_price,,ไม่อยู่ใน universe (ข้อมูลราคา/market cap: no_price)
2021-06-30,1393612.0,DFS,,no_price,,กลุ่มการเงิน (SIC 6000–6799) — กฎนี้ไม่ครอบคลุม
2021-06-30,1437107.0,DISCA,WBD,ok_no_shares,WBD,ไม่อยู่ใน universe (ข้อมูลราคา/market cap: ok_no_shares)
2021-06-30,,DISCK,,,,ไม่อยู่ใน universe (ข้อมูลราคา/market cap: None)
2021-06-30,1001082.0,DISH,,no_price,,ไม่อยู่ใน universe (ข้อมูลราคา/market cap: no_price)
2021-06-30,1297996.0,DLR,DLR,ok,DLR,กลุ่มการเงิน (SIC 6000–6799) — กฎนี้ไม่ครอบคลุม
2021-06-30,783280.0,DRE,,no_price,,กลุ่มการเงิน (SIC 6000–6799) — กฎนี้ไม่ครอบคลุม
2021-06-30,712515.0,EA,,no_price,,ไม่อยู่ใน universe (ข้อมูลราคา/market cap: no_price)
2021-06-30,1101239.0,EQIX,EQIX,ok,EQIX,กลุ่มการเงิน (SIC 6000–6799) — กฎนี้ไม่ครอบคลุม
2021-06-30,906107.0,EQR,VMRK,ok,VMRK,กลุ่มการเงิน (SIC 6000–6799) — กฎนี้ไม่ครอบคลุม
2021-06-30,920522.0,ESS,ESS,ok,ESS,กลุ่มการเงิน (SIC 6000–6799) — กฎนี้ไม่ครอบคลุม
2021-06-30,1289490.0,EXR,EXR,ok,EXR,กลุ่มการเงิน (SIC 6000–6799) — กฎนี้ไม่ครอบคลุม
2021-06-30,35527.0,FITB,FITB,ok,FITB,กลุ่มการเงิน (SIC 6000–6799) — กฎนี้ไม่ครอบคลุม
2021-06-30,1754301.0,FOX,FOXA,ok_no_shares,FOXA,ไม่อยู่ใน universe (ข้อมูลราคา/market cap: ok_no_shares)
2021-06-30,1754301.0,FOXA,FOXA,ok_no_shares,FOXA,ไม่อยู่ใน universe (ข้อมูลราคา/market cap: ok_no_shares)
2021-06-30,,FRC,,,,ไม่อยู่ใน universe (ข้อมูลราคา/market cap: None)
2021-06-30,34903.0,FRT,FRT,ok,FRT,กลุ่มการเงิน (SIC 6000–6799) — กฎนี้ไม่ครอบคลุม
2021-06-30,320335.0,GL,GL,ok,GL,กลุ่มการเงิน (SIC 6000–6799) — กฎนี้ไม่ครอบคลุม
2021-06-30,886982.0,GS,GS,ok,GS,กลุ่มการเงิน (SIC 6000–6799) — กฎนี้ไม่ครอบคลุม
2021-06-30,49196.0,HBAN,HBAN,ok,HBAN,กลุ่มการเงิน (SIC 6000–6799) — กฎนี้ไม่ครอบคลุม
2021-06-30,1359841.0,HBI,,no_price,,ไม่อยู่ใน universe (ข้อมูลราคา/market cap: no_price)
2021-06-30,4447.0,HES,,no_price,,ไม่อยู่ใน universe (ข้อมูลราคา/market cap: no_price)
2021-06-30,874766.0,HIG,HIG,ok,HIG,กลุ่มการเงิน (SIC 6000–6799) — กฎนี้ไม่ครอบคลุม
2021-06-30,859737.0,HOLX,,no_price,,ไม่อยู่ใน universe (ข้อมูลราคา/market cap: no_price)
2021-06-30,49071.0,HUM,HUM,ok,HUM,กลุ่มการเงิน (SIC 6000–6799) — กฎนี้ไม่ครอบคลุม
2021-06-30,1571949.0,ICE,ICE,ok,ICE,กลุ่มการเงิน (SIC 6000–6799) — กฎนี้ไม่ครอบคลุม
2021-06-30,51253.0,IFF,IFF,ok_shares_suspect,IFF,ไม่อยู่ใน universe (ข้อมูลราคา/market cap: ok_shares_suspect)
2021-06-30,1598014.0,INFO,,no_price,,ไม่อยู่ใน universe (ข้อมูลราคา/market cap: no_price)
2021-06-30,51644.0,IPG,,no_price,,ไม่อยู่ใน universe (ข้อมูลราคา/market cap: no_price)
2021-06-30,1020569.0,IRM,IRM,ok,IRM,กลุ่มการเงิน (SIC 6000–6799) — กฎนี้ไม่ครอบคลุม
2021-06-30,914208.0,IVZ,IVZ,ok,IVZ,กลุ่มการเงิน (SIC 6000–6799) — กฎนี้ไม่ครอบคลุม
2021-06-30,1043604.0,JNPR,,no_price,,ไม่อยู่ใน universe (ข้อมูลราคา/market cap: no_price)
2021-06-30,19617.0,JPM,JPM,ok,JPM,กลุ่มการเงิน (SIC 6000–6799) — กฎนี้ไม่ครอบคลุม
2021-06-30,55067.0,K,,no_price,,ไม่อยู่ใน universe (ข้อมูลราคา/market cap: no_price)
2021-06-30,91576.0,KEY,KEY,ok,KEY,กลุ่มการเงิน (SIC 6000–6799) — กฎนี้ไม่ครอบคลุม
2021-06-30,879101.0,KIM,KIM,ok,KIM,กลุ่มการเงิน (SIC 6000–6799) — กฎนี้ไม่ครอบคลุม
2021-06-30,54480.0,KSU,,no_price,,ไม่อยู่ใน universe (ข้อมูลราคา/market cap: no_price)
2021-06-30,60086.0,L,L,ok,L,กลุ่มการเงิน (SIC 6000–6799) — กฎนี้ไม่ครอบคลุม
2021-06-30,58492.0,LEG,,no_price,,ไม่อยู่ใน universe (ข้อมูลราคา/market cap: no_price)
2021-06-30,59558.0,LNC,LNC,ok,LNC,กลุ่มการเงิน (SIC 6000–6799) — กฎนี้ไม่ครอบคลุม
2021-06-30,912595.0,MAA,MAA,ok,MAA,กลุ่มการเงิน (SIC 6000–6799) — กฎนี้ไม่ครอบคลุม
2021-06-30,1099219.0,MET,MET,ok,MET,กลุ่มการเงิน (SIC 6000–6799) — กฎนี้ไม่ครอบคลุม
2021-06-30,1278021.0,MKTX,MKTX,ok,MKTX,กลุ่มการเงิน (SIC 6000–6799) — กฎนี้ไม่ครอบคลุม
2021-06-30,62709.0,MMC,MRSH,ok,MRSH,กลุ่มการเงิน (SIC 6000–6799) — กฎนี้ไม่ครอบคลุม
2021-06-30,101778.0,MRO,,no_price,,ไม่อยู่ใน universe (ข้อมูลราคา/market cap: no_price)
2021-06-30,895421.0,MS,MS,ok,MS,กลุ่มการเงิน (SIC 6000–6799) — กฎนี้ไม่ครอบคลุม
2021-06-30,36270.0,MTB,MTB,ok,MTB,กลุ่มการเงิน (SIC 6000–6799) — กฎนี้ไม่ครอบคลุม
2021-06-30,743316.0,MXIM,,no_price,,ไม่อยู่ใน universe (ข้อมูลราคา/market cap: no_price)
2021-06-30,1120193.0,NDAQ,NDAQ,ok,NDAQ,กลุ่มการเงิน (SIC 6000–6799) — กฎนี้ไม่ครอบคลุม
2021-06-30,1492633.0,NLSN,,no_price,,ไม่อยู่ใน universe (ข้อมูลราคา/market cap: no_price)
2021-06-30,73124.0,NTRS,NTRS,ok,NTRS,กลุ่มการเงิน (SIC 6000–6799) — กฎนี้ไม่ครอบคลุม
2021-06-30,726728.0,O,O,ok,O,กลุ่มการเงิน (SIC 6000–6799) — กฎนี้ไม่ครอบคลุม
2021-06-30,1821825.0,OGN,OGN,ok_no_shares,OGN,ไม่อยู่ใน universe (ข้อมูลราคา/market cap: ok_no_shares)
2021-06-30,1378946.0,PBCT,,no_price,,กลุ่มการเงิน (SIC 6000–6799) — กฎนี้ไม่ครอบคลุม
2021-06-30,765880.0,PEAK,DOC,ok,DOC,กลุ่มการเงิน (SIC 6000–6799) — กฎนี้ไม่ครอบคลุม
2021-06-30,1126328.0,PFG,PFG,ok,PFG,กลุ่มการเงิน (SIC 6000–6799) — กฎนี้ไม่ครอบคลุม
2021-06-30,80661.0,PGR,PGR,ok,PGR,กลุ่มการเงิน (SIC 6000–6799) — กฎนี้ไม่ครอบคลุม
2021-06-30,1045609.0,PLD,PLD,ok,PLD,กลุ่มการเงิน (SIC 6000–6799) — กฎนี้ไม่ครอบคลุม
2021-06-30,713676.0,PNC,PNC,ok,PNC,กลุ่มการเงิน (SIC 6000–6799) — กฎนี้ไม่ครอบคลุม
2021-06-30,1137774.0,PRU,PRU,ok,PRU,กลุ่มการเงิน (SIC 6000–6799) — กฎนี้ไม่ครอบคลุม
2021-06-30,1393311.0,PSA,PSA,ok,PSA,กลุ่มการเงิน (SIC 6000–6799) — กฎนี้ไม่ครอบคลุม
2021-06-30,1038357.0,PXD,,no_price,,ไม่อยู่ใน universe (ข้อมูลราคา/market cap: no_price)
2021-06-30,1095073.0,RE,EG,ok,EG,กลุ่มการเงิน (SIC 6000–6799) — กฎนี้ไม่ครอบคลุม
2021-06-30,910606.0,REG,REG,ok,REG,กลุ่มการเงิน (SIC 6000–6799) — กฎนี้ไม่ครอบคลุม
2021-06-30,1281761.0,RF,RF,ok,RF,กลุ่มการเงิน (SIC 6000–6799) — กฎนี้ไม่ครอบคลุม
2021-06-30,720005.0,RJF,RJF,ok,RJF,กลุ่มการเงิน (SIC 6000–6799) — กฎนี้ไม่ครอบคลุม
2021-06-30,1034054.0,SBAC,SBAC,ok,SBAC,กลุ่มการเงิน (SIC 6000–6799) — กฎนี้ไม่ครอบคลุม
2021-06-30,316709.0,SCHW,SCHW,ok,SCHW,กลุ่มการเงิน (SIC 6000–6799) — กฎนี้ไม่ครอบคลุม
2021-06-30,1012100.0,SEE,,no_price,,ไม่อยู่ใน universe (ข้อมูลราคา/market cap: no_price)
2021-06-30,719739.0,SIVB,,no_price,,กลุ่มการเงิน (SIC 6000–6799) — กฎนี้ไม่ครอบคลุม
2021-06-30,1063761.0,SPG,SPG,ok_no_shares,SPG,กลุ่มการเงิน (SIC 6000–6799) — กฎนี้ไม่ครอบคลุม
2021-06-30,93751.0,STT,STT,ok,STT,กลุ่มการเงิน (SIC 6000–6799) — กฎนี้ไม่ครอบคลุม
2021-06-30,16918.0,STZ,STZ,ok_no_shares,STZ,ไม่อยู่ใน universe (ข้อมูลราคา/market cap: ok_no_shares)
2021-06-30,1601712.0,SYF,SYF,ok,SYF,กลุ่มการเงิน (SIC 6000–6799) — กฎนี้ไม่ครอบคลุม
2021-06-30,92230.0,TFC,TFC,ok,TFC,กลุ่มการเงิน (SIC 6000–6799) — กฎนี้ไม่ครอบคลุม
2021-06-30,1113169.0,TROW,TROW,ok,TROW,กลุ่มการเงิน (SIC 6000–6799) — กฎนี้ไม่ครอบคลุม
2021-06-30,86312.0,TRV,TRV,ok,TRV,กลุ่มการเงิน (SIC 6000–6799) — กฎนี้ไม่ครอบคลุม
2021-06-30,100493.0,TSN,TSN,ok_no_shares,TSN,ไม่อยู่ใน universe (ข้อมูลราคา/market cap: ok_no_shares)
2021-06-30,1418091.0,TWTR,,no_price,,ไม่อยู่ใน universe (ข้อมูลราคา/market cap: no_price)
2021-06-30,74208.0,UDR,UDR,ok,UDR,กลุ่มการเงิน (SIC 6000–6799) — กฎนี้ไม่ครอบคลุม
2021-06-30,731766.0,UNH,UNH,ok,UNH,กลุ่มการเงิน (SIC 6000–6799) — กฎนี้ไม่ครอบคลุม
2021-06-30,5513.0,UNM,UNM,ok,UNM,กลุ่มการเงิน (SIC 6000–6799) — กฎนี้ไม่ครอบคลุม
2021-06-30,36104.0,USB,USB,ok,USB,กลุ่มการเงิน (SIC 6000–6799) — กฎนี้ไม่ครอบคลุม
2021-06-30,1403161.0,V,V,ok_no_shares,V,ไม่อยู่ใน universe (ข้อมูลราคา/market cap: ok_no_shares)
2021-06-30,813828.0,VIAC,,no_price,,ไม่อยู่ใน universe (ข้อมูลราคา/market cap: no_price)
2021-06-30,899689.0,VNO,VNO,ok,VNO,กลุ่มการเงิน (SIC 6000–6799) — กฎนี้ไม่ครอบคลุม
2021-06-30,740260.0,VTR,VTR,ok,VTR,กลุ่มการเงิน (SIC 6000–6799) — กฎนี้ไม่ครอบคลุม
2021-06-30,1618921.0,WBA,,no_price,,ไม่อยู่ใน universe (ข้อมูลราคา/market cap: no_price)
2021-06-30,766704.0,WELL,WELL,ok,WELL,กลุ่มการเงิน (SIC 6000–6799) — กฎนี้ไม่ครอบคลุม
2021-06-30,72971.0,WFC,WFC,ok,WFC,กลุ่มการเงิน (SIC 6000–6799) — กฎนี้ไม่ครอบคลุม
2021-06-30,1140536.0,WLTW,WTW,ok,WTW,กลุ่มการเงิน (SIC 6000–6799) — กฎนี้ไม่ครอบคลุม
2021-06-30,11544.0,WRB,WRB,ok,WRB,กลุ่มการเงิน (SIC 6000–6799) — กฎนี้ไม่ครอบคลุม
2021-06-30,1732845.0,WRK,,no_price,,ไม่อยู่ใน universe (ข้อมูลราคา/market cap: no_price)
2021-06-30,106535.0,WY,WY,ok,WY,กลุ่มการเงิน (SIC 6000–6799) — กฎนี้ไม่ครอบคลุม
2021-06-30,743988.0,XLNX,,no_price,,ไม่อยู่ใน universe (ข้อมูลราคา/market cap: no_price)
2021-06-30,109380.0,ZION,ZION,ok,ZION,กลุ่มการเงิน (SIC 6000–6799) — กฎนี้ไม่ครอบคลุม
2022-06-30,815094.0,ABMD,,no_price,,ไม่อยู่ใน universe (ข้อมูลราคา/market cap: no_price)
2022-06-30,4977.0,AFL,AFL,ok,AFL,กลุ่มการเงิน (SIC 6000–6799) — กฎนี้ไม่ครอบคลุม
2022-06-30,5272.0,AIG,AIG,ok,AIG,กลุ่มการเงิน (SIC 6000–6799) — กฎนี้ไม่ครอบคลุม
2022-06-30,1267238.0,AIZ,AIZ,ok,AIZ,กลุ่มการเงิน (SIC 6000–6799) — กฎนี้ไม่ครอบคลุม
2022-06-30,354190.0,AJG,AJG,ok,AJG,กลุ่มการเงิน (SIC 6000–6799) — กฎนี้ไม่ครอบคลุม
2022-06-30,899051.0,ALL,ALL,ok,ALL,กลุ่มการเงิน (SIC 6000–6799) — กฎนี้ไม่ครอบคลุม
2022-06-30,820027.0,AMP,AMP,ok,AMP,กลุ่มการเงิน (SIC 6000–6799) — กฎนี้ไม่ครอบคลุม
2022-06-30,1053507.0,AMT,AMT,ok,AMT,กลุ่มการเงิน (SIC 6000–6799) — กฎนี้ไม่ครอบคลุม
2022-06-30,1013462.0,ANSS,,no_price,,ไม่อยู่ใน universe (ข้อมูลราคา/market cap: no_price)
2022-06-30,315293.0,AON,AON,ok,AON,กลุ่มการเงิน (SIC 6000–6799) — กฎนี้ไม่ครอบคลุม
2022-06-30,1035443.0,ARE,ARE,ok,ARE,กลุ่มการเงิน (SIC 6000–6799) — กฎนี้ไม่ครอบคลุม
2022-06-30,718877.0,ATVI,,no_price,,ไม่อยู่ใน universe (ข้อมูลราคา/market cap: no_price)
2022-06-30,915912.0,AVB,,no_price,,กลุ่มการเงิน (SIC 6000–6799) — กฎนี้ไม่ครอบคลุม
2022-06-30,4962.0,AXP,AXP,ok,AXP,กลุ่มการเงิน (SIC 6000–6799) — กฎนี้ไม่ครอบคลุม
2022-06-30,70858.0,BAC,BAC,ok,BAC,กลุ่มการเงิน (SIC 6000–6799) — กฎนี้ไม่ครอบคลุม
2022-06-30,38777.0,BEN,BEN,ok,BEN,กลุ่มการเงิน (SIC 6000–6799) — กฎนี้ไม่ครอบคลุม
2022-06-30,1390777.0,BK,BNY,ok,BNY,กลุ่มการเงิน (SIC 6000–6799) — กฎนี้ไม่ครอบคลุม
2022-06-30,1701605.0,BKR,BKR,ok_no_shares,BKR,ไม่อยู่ใน universe (ข้อมูลราคา/market cap: ok_no_shares)
2022-06-30,1364742.0,BLK,BLK,ok,,กลุ่มการเงิน (SIC 6000–6799) — กฎนี้ไม่ครอบคลุม
2022-06-30,1067983.0,BRK.B,BRK-B,ok_no_shares,BRK-B,กลุ่มการเงิน (SIC 6000–6799) — กฎนี้ไม่ครอบคลุม
2022-06-30,79282.0,BRO,BRO,ok,BRO,กลุ่มการเงิน (SIC 6000–6799) — กฎนี้ไม่ครอบคลุม
2022-06-30,1037540.0,BXP,BXP,ok,BXP,กลุ่มการเงิน (SIC 6000–6799) — กฎนี้ไม่ครอบคลุม
2022-06-30,831001.0,C,C,ok,C,กลุ่มการเงิน (SIC 6000–6799) — กฎนี้ไม่ครอบคลุม
2022-06-30,896159.0,CB,CB,ok,CB,กลุ่มการเงิน (SIC 6000–6799) — กฎนี้ไม่ครอบคลุม
2022-06-30,1374310.0,CBOE,CBOE,ok,CBOE,กลุ่มการเงิน (SIC 6000–6799) — กฎนี้ไม่ครอบคลุม
2022-06-30,1138118.0,CBRE,CBRE,ok,CBRE,กลุ่มการเงิน (SIC 6000–6799) — กฎนี้ไม่ครอบคลุม
2022-06-30,1051470.0,CCI,CCI,ok,CCI,กลุ่มการเงิน (SIC 6000–6799) — กฎนี้ไม่ครอบคลุม
2022-06-30,1725057.0,CDAY,,no_price,,ไม่อยู่ใน universe (ข้อมูลราคา/market cap: no_price)
2022-06-30,1868275.0,CEG,CEG,ok_no_shares,CEG,ไม่อยู่ใน universe (ข้อมูลราคา/market cap: ok_no_shares)
2022-06-30,759944.0,CFG,CFG,ok,CFG,กลุ่มการเงิน (SIC 6000–6799) — กฎนี้ไม่ครอบคลุม
2022-06-30,1739940.0,CI,CI,ok,CI,กลุ่มการเงิน (SIC 6000–6799) — กฎนี้ไม่ครอบคลุม
2022-06-30,20286.0,CINF,CINF,ok,CINF,กลุ่มการเงิน (SIC 6000–6799) — กฎนี้ไม่ครอบคลุม
2022-06-30,28412.0,CMA,,no_price,,กลุ่มการเงิน (SIC 6000–6799) — กฎนี้ไม่ครอบคลุม
2022-06-30,1156375.0,CME,CME,ok,CME,กลุ่มการเงิน (SIC 6000–6799) — กฎนี้ไม่ครอบคลุม
2022-06-30,1071739.0,CNC,CNC,ok,CNC,กลุ่มการเงิน (SIC 6000–6799) — กฎนี้ไม่ครอบคลุม
2022-06-30,927628.0,COF,COF,ok,COF,กลุ่มการเงิน (SIC 6000–6799) — กฎนี้ไม่ครอบคลุม
2022-06-30,906345.0,CPT,CPT,ok,CPT,กลุ่มการเงิน (SIC 6000–6799) — กฎนี้ไม่ครอบคลุม
2022-06-30,1596783.0,CTLT,,no_price,,ไม่อยู่ใน universe (ข้อมูลราคา/market cap: no_price)
2022-06-30,,CTRA,,,,ไม่อยู่ใน universe (ข้อมูลราคา/market cap: None)
2022-06-30,877890.0,CTXS,,no_price,,ไม่อยู่ใน universe (ข้อมูลราคา/market cap: no_price)
2022-06-30,1393612.0,DFS,,no_price,,กลุ่มการเงิน (SIC 6000–6799) — กฎนี้ไม่ครอบคลุม
2022-06-30,1001082.0,DISH,,no_price,,ไม่อยู่ใน universe (ข้อมูลราคา/market cap: no_price)
2022-06-30,1297996.0,DLR,DLR,ok,DLR,กลุ่มการเงิน (SIC 6000–6799) — กฎนี้ไม่ครอบคลุม
2022-06-30,783280.0,DRE,,no_price,,กลุ่มการเงิน (SIC 6000–6799) — กฎนี้ไม่ครอบคลุม
2022-06-30,712515.0,EA,,no_price,,ไม่อยู่ใน universe (ข้อมูลราคา/market cap: no_price)
2022-06-30,1156039.0,ELV,ELV,ok,ELV,กลุ่มการเงิน (SIC 6000–6799) — กฎนี้ไม่ครอบคลุม
2022-06-30,1101239.0,EQIX,EQIX,ok,EQIX,กลุ่มการเงิน (SIC 6000–6799) — กฎนี้ไม่ครอบคลุม
2022-06-30,906107.0,EQR,VMRK,ok,VMRK,กลุ่มการเงิน (SIC 6000–6799) — กฎนี้ไม่ครอบคลุม
2022-06-30,920522.0,ESS,ESS,ok,ESS,กลุ่มการเงิน (SIC 6000–6799) — กฎนี้ไม่ครอบคลุม
2022-06-30,1289490.0,EXR,EXR,ok,EXR,กลุ่มการเงิน (SIC 6000–6799) — กฎนี้ไม่ครอบคลุม
2022-06-30,35527.0,FITB,FITB,ok,FITB,กลุ่มการเงิน (SIC 6000–6799) — กฎนี้ไม่ครอบคลุม
2022-06-30,1754301.0,FOX,FOXA,ok_no_shares,FOXA,ไม่อยู่ใน universe (ข้อมูลราคา/market cap: ok_no_shares)
2022-06-30,1754301.0,FOXA,FOXA,ok_no_shares,FOXA,ไม่อยู่ใน universe (ข้อมูลราคา/market cap: ok_no_shares)
2022-06-30,,FRC,,,,ไม่อยู่ใน universe (ข้อมูลราคา/market cap: None)
2022-06-30,34903.0,FRT,FRT,ok,FRT,กลุ่มการเงิน (SIC 6000–6799) — กฎนี้ไม่ครอบคลุม
2022-06-30,320335.0,GL,GL,ok,GL,กลุ่มการเงิน (SIC 6000–6799) — กฎนี้ไม่ครอบคลุม
2022-06-30,886982.0,GS,GS,ok,GS,กลุ่มการเงิน (SIC 6000–6799) — กฎนี้ไม่ครอบคลุม
2022-06-30,49196.0,HBAN,HBAN,ok,HBAN,กลุ่มการเงิน (SIC 6000–6799) — กฎนี้ไม่ครอบคลุม
2022-06-30,4447.0,HES,,no_price,,ไม่อยู่ใน universe (ข้อมูลราคา/market cap: no_price)
2022-06-30,874766.0,HIG,HIG,ok,HIG,กลุ่มการเงิน (SIC 6000–6799) — กฎนี้ไม่ครอบคลุม
2022-06-30,859737.0,HOLX,,no_price,,ไม่อยู่ใน universe (ข้อมูลราคา/market cap: no_price)
2022-06-30,49071.0,HUM,HUM,ok,HUM,กลุ่มการเงิน (SIC 6000–6799) — กฎนี้ไม่ครอบคลุม
2022-06-30,1571949.0,ICE,ICE,ok,ICE,กลุ่มการเงิน (SIC 6000–6799) — กฎนี้ไม่ครอบคลุม
2022-06-30,51644.0,IPG,,no_price,,ไม่อยู่ใน universe (ข้อมูลราคา/market cap: no_price)
2022-06-30,1020569.0,IRM,IRM,ok,IRM,กลุ่มการเงิน (SIC 6000–6799) — กฎนี้ไม่ครอบคลุม
2022-06-30,914208.0,IVZ,IVZ,ok,IVZ,กลุ่มการเงิน (SIC 6000–6799) — กฎนี้ไม่ครอบคลุม
2022-06-30,1043604.0,JNPR,,no_price,,ไม่อยู่ใน universe (ข้อมูลราคา/market cap: no_price)
2022-06-30,19617.0,JPM,JPM,ok,JPM,กลุ่มการเงิน (SIC 6000–6799) — กฎนี้ไม่ครอบคลุม
2022-06-30,55067.0,K,,no_price,,ไม่อยู่ใน universe (ข้อมูลราคา/market cap: no_price)
2022-06-30,91576.0,KEY,KEY,ok,KEY,กลุ่มการเงิน (SIC 6000–6799) — กฎนี้ไม่ครอบคลุม
2022-06-30,879101.0,KIM,KIM,ok,KIM,กลุ่มการเงิน (SIC 6000–6799) — กฎนี้ไม่ครอบคลุม
2022-06-30,60086.0,L,L,ok,L,กลุ่มการเงิน (SIC 6000–6799) — กฎนี้ไม่ครอบคลุม
2022-06-30,59558.0,LNC,LNC,ok,LNC,กลุ่มการเงิน (SIC 6000–6799) — กฎนี้ไม่ครอบคลุม
2022-06-30,912595.0,MAA,MAA,ok,MAA,กลุ่มการเงิน (SIC 6000–6799) — กฎนี้ไม่ครอบคลุม
2022-06-30,1099219.0,MET,MET,ok,MET,กลุ่มการเงิน (SIC 6000–6799) — กฎนี้ไม่ครอบคลุม
2022-06-30,1278021.0,MKTX,MKTX,ok,MKTX,กลุ่มการเงิน (SIC 6000–6799) — กฎนี้ไม่ครอบคลุม
2022-06-30,62709.0,MMC,MRSH,ok,MRSH,กลุ่มการเงิน (SIC 6000–6799) — กฎนี้ไม่ครอบคลุม
2022-06-30,1179929.0,MOH,MOH,ok,MOH,กลุ่มการเงิน (SIC 6000–6799) — กฎนี้ไม่ครอบคลุม
2022-06-30,101778.0,MRO,,no_price,,ไม่อยู่ใน universe (ข้อมูลราคา/market cap: no_price)
2022-06-30,895421.0,MS,MS,ok,MS,กลุ่มการเงิน (SIC 6000–6799) — กฎนี้ไม่ครอบคลุม
2022-06-30,36270.0,MTB,MTB,ok,MTB,กลุ่มการเงิน (SIC 6000–6799) — กฎนี้ไม่ครอบคลุม
2022-06-30,1120193.0,NDAQ,NDAQ,ok,NDAQ,กลุ่มการเงิน (SIC 6000–6799) — กฎนี้ไม่ครอบคลุม
2022-06-30,1492633.0,NLSN,,no_price,,ไม่อยู่ใน universe (ข้อมูลราคา/market cap: no_price)
2022-06-30,73124.0,NTRS,NTRS,ok,NTRS,กลุ่มการเงิน (SIC 6000–6799) — กฎนี้ไม่ครอบคลุม
2022-06-30,726728.0,O,O,ok,O,กลุ่มการเงิน (SIC 6000–6799) — กฎนี้ไม่ครอบคลุม
2022-06-30,765880.0,PEAK,DOC,ok,DOC,กลุ่มการเงิน (SIC 6000–6799) — กฎนี้ไม่ครอบคลุม
2022-06-30,1126328.0,PFG,PFG,ok,PFG,กลุ่มการเงิน (SIC 6000–6799) — กฎนี้ไม่ครอบคลุม
2022-06-30,80661.0,PGR,PGR,ok,PGR,กลุ่มการเงิน (SIC 6000–6799) — กฎนี้ไม่ครอบคลุม
2022-06-30,1045609.0,PLD,PLD,ok,PLD,กลุ่มการเงิน (SIC 6000–6799) — กฎนี้ไม่ครอบคลุม
2022-06-30,713676.0,PNC,PNC,ok,PNC,กลุ่มการเงิน (SIC 6000–6799) — กฎนี้ไม่ครอบคลุม
2022-06-30,1137774.0,PRU,PRU,ok,PRU,กลุ่มการเงิน (SIC 6000–6799) — กฎนี้ไม่ครอบคลุม
2022-06-30,1393311.0,PSA,PSA,ok,PSA,กลุ่มการเงิน (SIC 6000–6799) — กฎนี้ไม่ครอบคลุม
2022-06-30,1038357.0,PXD,,no_price,,ไม่อยู่ใน universe (ข้อมูลราคา/market cap: no_price)
2022-06-30,1095073.0,RE,EG,ok,EG,กลุ่มการเงิน (SIC 6000–6799) — กฎนี้ไม่ครอบคลุม
2022-06-30,910606.0,REG,REG,ok,REG,กลุ่มการเงิน (SIC 6000–6799) — กฎนี้ไม่ครอบคลุม
2022-06-30,1281761.0,RF,RF,ok,RF,กลุ่มการเงิน (SIC 6000–6799) — กฎนี้ไม่ครอบคลุม
2022-06-30,720005.0,RJF,RJF,ok,RJF,กลุ่มการเงิน (SIC 6000–6799) — กฎนี้ไม่ครอบคลุม
2022-06-30,1034054.0,SBAC,SBAC,ok,SBAC,กลุ่มการเงิน (SIC 6000–6799) — กฎนี้ไม่ครอบคลุม
2022-06-30,,SBNY,,,,ไม่อยู่ใน universe (ข้อมูลราคา/market cap: None)
2022-06-30,316709.0,SCHW,SCHW,ok,SCHW,กลุ่มการเงิน (SIC 6000–6799) — กฎนี้ไม่ครอบคลุม
2022-06-30,1012100.0,SEE,,no_price,,ไม่อยู่ใน universe (ข้อมูลราคา/market cap: no_price)
2022-06-30,719739.0,SIVB,,no_price,,กลุ่มการเงิน (SIC 6000–6799) — กฎนี้ไม่ครอบคลุม
2022-06-30,1063761.0,SPG,SPG,ok,SPG,กลุ่มการเงิน (SIC 6000–6799) — กฎนี้ไม่ครอบคลุม
2022-06-30,93751.0,STT,STT,ok,STT,กลุ่มการเงิน (SIC 6000–6799) — กฎนี้ไม่ครอบคลุม
2022-06-30,16918.0,STZ,STZ,ok_no_shares,STZ,ไม่อยู่ใน universe (ข้อมูลราคา/market cap: ok_no_shares)
2022-06-30,1601712.0,SYF,SYF,ok,SYF,กลุ่มการเงิน (SIC 6000–6799) — กฎนี้ไม่ครอบคลุม
2022-06-30,92230.0,TFC,TFC,ok,TFC,กลุ่มการเงิน (SIC 6000–6799) — กฎนี้ไม่ครอบคลุม
2022-06-30,1113169.0,TROW,TROW,ok,TROW,กลุ่มการเงิน (SIC 6000–6799) — กฎนี้ไม่ครอบคลุม
2022-06-30,86312.0,TRV,TRV,ok,TRV,กลุ่มการเงิน (SIC 6000–6799) — กฎนี้ไม่ครอบคลุม
2022-06-30,100493.0,TSN,TSN,ok_no_shares,TSN,ไม่อยู่ใน universe (ข้อมูลราคา/market cap: ok_no_shares)
2022-06-30,1418091.0,TWTR,,no_price,,ไม่อยู่ใน universe (ข้อมูลราคา/market cap: no_price)
2022-06-30,74208.0,UDR,UDR,ok,UDR,กลุ่มการเงิน (SIC 6000–6799) — กฎนี้ไม่ครอบคลุม
2022-06-30,731766.0,UNH,UNH,ok,UNH,กลุ่มการเงิน (SIC 6000–6799) — กฎนี้ไม่ครอบคลุม
2022-06-30,36104.0,USB,USB,ok,USB,กลุ่มการเงิน (SIC 6000–6799) — กฎนี้ไม่ครอบคลุม
2022-06-30,1403161.0,V,V,ok_no_shares,V,ไม่อยู่ใน universe (ข้อมูลราคา/market cap: ok_no_shares)
2022-06-30,1705696.0,VICI,VICI,ok,VICI,กลุ่มการเงิน (SIC 6000–6799) — กฎนี้ไม่ครอบคลุม
2022-06-30,899689.0,VNO,VNO,ok,VNO,กลุ่มการเงิน (SIC 6000–6799) — กฎนี้ไม่ครอบคลุม
2022-06-30,740260.0,VTR,VTR,ok,VTR,กลุ่มการเงิน (SIC 6000–6799) — กฎนี้ไม่ครอบคลุม
2022-06-30,1618921.0,WBA,,no_price,,ไม่อยู่ใน universe (ข้อมูลราคา/market cap: no_price)
2022-06-30,1437107.0,WBD,WBD,ok_no_shares,WBD,ไม่อยู่ใน universe (ข้อมูลราคา/market cap: ok_no_shares)
2022-06-30,766704.0,WELL,WELL,ok,WELL,กลุ่มการเงิน (SIC 6000–6799) — กฎนี้ไม่ครอบคลุม
2022-06-30,72971.0,WFC,WFC,ok,WFC,กลุ่มการเงิน (SIC 6000–6799) — กฎนี้ไม่ครอบคลุม
2022-06-30,11544.0,WRB,WRB,ok,WRB,กลุ่มการเงิน (SIC 6000–6799) — กฎนี้ไม่ครอบคลุม
2022-06-30,1732845.0,WRK,,no_price,,ไม่อยู่ใน universe (ข้อมูลราคา/market cap: no_price)
2022-06-30,1140536.0,WTW,WTW,ok,WTW,กลุ่มการเงิน (SIC 6000–6799) — กฎนี้ไม่ครอบคลุม
2022-06-30,106535.0,WY,WY,ok,WY,กลุ่มการเงิน (SIC 6000–6799) — กฎนี้ไม่ครอบคลุม
2022-06-30,109380.0,ZION,ZION,ok,ZION,กลุ่มการเงิน (SIC 6000–6799) — กฎนี้ไม่ครอบคลุม
