R,top1500_price_%,sp500_price_%,diff_pt,z,p
2011-06-30,56.7,69.6,-12.9,-5.0,5.796807557083766e-07
2012-06-29,56.7,72.4,-15.7,-6.2,5.311583247893636e-10
2013-06-28,58.9,74.0,-15.1,-6.0,1.5697005709063136e-09
2014-06-30,61.7,75.7,-14.0,-5.7,1.4181539086327814e-08
2015-06-30,63.6,77.6,-14.0,-5.7,9.107526242621067e-09
2016-06-30,64.8,81.4,-16.6,-7.0,3.1858157348286535e-12
2017-06-30,68.3,84.4,-16.1,-7.0,2.3909931467944444e-12
2018-06-29,71.1,86.4,-15.3,-6.9,6.658161998832967e-12
2019-06-28,74.5,88.5,-14.0,-6.6,5.1588134141541015e-11
2020-06-30,76.3,91.3,-15.0,-7.3,2.757423985799323e-13
2021-06-30,79.3,92.7,-13.4,-6.9,7.180446412163529e-12
2022-06-30,82.8,94.4,-11.6,-6.5,1.0915387015667864e-10
