,no_yahoo_data,ok,flag:no_price,flag:ok_no_shares,no_pit_or_price_at_R,flag:penny_fja,flag:ok_shares_suspect,no_ticker,flag:mcap_small_fja,flag:penny_cik
2011-06-30,732,462,47,8,5,3,2,1,0,0
2012-06-29,871,545,53,9,5,4,7,6,0,0
2013-06-28,856,571,45,9,2,5,4,6,2,0
2014-06-30,846,598,38,9,2,2,3,2,0,0
2015-06-30,827,612,38,11,4,4,2,2,0,0
2016-06-30,811,633,27,12,6,6,1,2,2,0
2017-06-30,777,670,26,13,4,3,3,2,2,0
2018-06-29,762,680,23,15,4,4,5,3,4,0
2019-06-28,737,702,22,20,5,4,2,2,5,1
2020-06-30,722,721,15,27,3,3,5,1,3,0
2021-06-30,718,734,13,27,2,1,2,1,2,0
2022-06-30,684,779,13,16,2,2,1,1,2,0
