R,pool_recent_10k,float_top1500,coverage_price_%,of_which_in_U_%,U1500_size,top1500_mcap_rows,removed_by_liquidity,financial_in_top1500,mcap_cutoff_$bn
2011-06-30,1369,1260,56.7,41.5,540,734,14,185,0.08
2012-06-29,6728,1500,56.7,41.5,881,1500,326,399,0.07
2013-06-28,7952,1500,58.9,43.6,964,1500,231,381,0.16
2014-06-30,7726,1500,61.7,45.6,1064,1500,95,377,0.29
2015-06-30,7551,1500,63.6,46.6,1087,1500,64,376,0.39
2016-06-30,7281,1500,64.8,47.9,1083,1500,59,386,0.4
2017-06-30,6814,1500,68.3,50.3,1102,1500,32,379,0.56
2018-06-29,6490,1500,71.1,51.7,1105,1500,29,378,0.76
2019-06-28,6283,1500,74.5,54.9,1108,1500,26,378,0.78
2020-06-30,6092,1500,76.3,55.0,1121,1500,29,363,0.72
2021-06-30,6133,1500,79.3,58.4,1148,1500,19,340,1.52
2022-06-30,6895,1500,82.8,60.3,1144,1500,25,339,1.36
