round,trial_id,family,spec,evaluator,dec_sharpe,dec_cagr,dec_maxdd,dec_sharpe_ew,dec_cagr_ew,dec_maxdd_ew,dec_sharpe_spy,dec_active_sr_m,dec_active_skew,dec_active_kurt,dec_active_ann,dec_nw_t,info_sharpe,info_cagr,info_sharpe_ew,info_cagr_ew,dec25_sharpe,dec25_cagr,dec25_maxdd,dec25_sharpe_ew,dec25_cagr_ew,dec25_maxdd_ew,S1_10,S1_25,S1,S2_share,S2,S6_avg_n,S6_min_n,S6,notes,DSR,S3,N_trials,dec50_sharpe,dec50_sharpe_ew,dec50_cagr,dec50_cagr_ew,S1_50
007,r007_U1500_Q_GPA,U1500,"{""costs_bps"": [10, 25, 50], ""floor"": 50, ""freq"": ""A"", ""q"": 0.2, ""rank"": ""overall"", ""signal"": ""Q_GPA"", ""universe"": ""top1500_mcap_liquid""}",rounds/round_007/run.py,0.6203732875038903,0.13567790245643363,-0.3972949729406138,0.5246185126435617,0.10902940095924696,-0.3985435096981441,0.6810897132316699,0.1507342730051217,0.13166971972828775,3.130235347349983,0.025837921359106474,1.0953703135528916,1.0090072204458387,0.13226598067484674,0.9503674093778407,0.13541405413056862,0.6164750056473391,0.13470957841421738,-0.3972949729406139,0.5224193582497877,0.10851932099906514,-0.398543509698144,False,False,False,1.0,True,156.58333333333334,82,True,S1 needs 10/25/50 bps (DEVIATIONS); S1_50=False; dec50 Sharpe 0.610 vs EW 0.519,0.10332840614100092,False,115,0.6099541615494543,0.5187483264247028,0.1330952924583697,0.1076690740092816,False
007,r007_U1500_Q_ROIC,U1500,"{""costs_bps"": [10, 25, 50], ""floor"": 50, ""freq"": ""A"", ""q"": 0.2, ""rank"": ""overall"", ""signal"": ""Q_ROIC"", ""universe"": ""top1500_mcap_liquid""}",rounds/round_007/run.py,0.6975352828782466,0.14608220420878038,-0.3591566282537195,0.5246185126435617,0.10902940095924696,-0.3985435096981441,0.6810897132316699,0.1992394034437623,-0.03144680254718033,3.3259951120269062,0.03150942737842096,1.6017767186609704,1.0714192625563095,0.1447455055571698,0.9503674093778407,0.13541405413056862,0.6931749119294268,0.14506512665555182,-0.3591566282537194,0.5224193582497877,0.10851932099906514,-0.398543509698144,False,False,False,1.0,True,176.5,86,True,S1 needs 10/25/50 bps (DEVIATIONS); S1_50=False; dec50 Sharpe 0.686 vs EW 0.519,0.20129470865350152,False,115,0.6858732288414567,0.5187483264247028,0.14336956485341434,0.1076690740092816,False
007,r007_U1500_Q_LOWACC,U1500,"{""costs_bps"": [10, 25, 50], ""floor"": 50, ""freq"": ""A"", ""q"": 0.2, ""rank"": ""overall"", ""signal"": ""Q_LOWACC"", ""universe"": ""top1500_mcap_liquid""}",rounds/round_007/run.py,0.5621750344969708,0.1272887590809777,-0.4129575522255914,0.5246185126435617,0.10902940095924696,-0.3985435096981441,0.6810897132316699,0.0976886463195982,-0.005689119207404697,2.7959582270573153,0.02164755293656558,0.8664311754579666,0.6250067903126423,0.09606139220571897,0.9503674093778407,0.13541405413056862,0.5552320506719002,0.12546763251005721,-0.4129575522255915,0.5224193582497877,0.10851932099906514,-0.398543509698144,False,False,False,0.972972972972973,True,201.83333333333334,107,True,S1 needs 10/25/50 bps (DEVIATIONS); S1_50=False; dec50 Sharpe 0.544 vs EW 0.519,0.04449310041666219,False,115,0.5436014200853403,0.5187483264247028,0.12243106103027346,0.1076690740092816,False
007,r007_U1500_V_BM,U1500,"{""costs_bps"": [10, 25, 50], ""floor"": 50, ""freq"": ""A"", ""q"": 0.2, ""rank"": ""overall"", ""signal"": ""V_BM"", ""universe"": ""top1500_mcap_liquid""}",rounds/round_007/run.py,0.4176200497871921,0.09377315507581785,-0.5101014528646085,0.5246185126435617,0.10902940095924696,-0.3985435096981441,0.6810897132316699,-0.004950253524292456,0.25840794320890215,3.6403962183215173,-0.0015567841067935517,-0.03746425608795363,0.8915506607677182,0.1351340344151688,0.9503674093778407,0.13541405413056862,0.41356882684294194,0.09262863675521404,-0.5106830394162863,0.5224193582497877,0.10851932099906514,-0.398543509698144,False,False,False,0.43243243243243246,False,200.58333333333334,106,True,S1 needs 10/25/50 bps (DEVIATIONS); S1_50=False; dec50 Sharpe 0.407 vs EW 0.519,0.0051133365134064645,False,115,0.40680608975358684,0.5187483264247028,0.0907205410951748,0.1076690740092816,False
007,r007_U1500_V_EP,U1500,"{""costs_bps"": [10, 25, 50], ""floor"": 50, ""freq"": ""A"", ""q"": 0.2, ""rank"": ""overall"", ""signal"": ""V_EP"", ""universe"": ""top1500_mcap_liquid""}",rounds/round_007/run.py,0.4966349961733325,0.11606343011971187,-0.49018518067162886,0.5246185126435617,0.10902940095924696,-0.3985435096981441,0.6810897132316699,0.0638687687473914,-0.21336026136524838,4.275958260868539,0.01834044886150038,0.5087330661846955,0.9467817353968184,0.13528505785493938,0.9503674093778407,0.13541405413056862,0.49066320743260294,0.11435844630566905,-0.49018518067162875,0.5224193582497877,0.10851932099906514,-0.398543509698144,False,False,False,0.4864864864864865,False,202.16666666666666,107,True,S1 needs 10/25/50 bps (DEVIATIONS); S1_50=False; dec50 Sharpe 0.481 vs EW 0.519,0.024237379570476673,False,115,0.48067615764823896,0.5187483264247028,0.1115155956144378,0.1076690740092816,False
007,r007_U1500_V_EBITEV,U1500,"{""costs_bps"": [10, 25, 50], ""floor"": 50, ""freq"": ""A"", ""q"": 0.2, ""rank"": ""overall"", ""signal"": ""V_EBITEV"", ""universe"": ""top1500_mcap_liquid""}",rounds/round_007/run.py,0.5167940801164902,0.12373927485290914,-0.49080044373402953,0.5246185126435617,0.10902940095924696,-0.3985435096981441,0.6810897132316699,0.08515726120915885,-0.021189196750077584,3.7663724510874625,0.026430516809891537,0.7120795924669571,0.8743316814011912,0.13209593198251257,0.9503674093778407,0.13541405413056862,0.5113773001953713,0.12214739407872766,-0.49080044373402965,0.5224193582497877,0.10851932099906514,-0.398543509698144,False,False,False,0.5405405405405406,False,139.25,64,True,S1 needs 10/25/50 bps (DEVIATIONS); S1_50=False; dec50 Sharpe 0.502 vs EW 0.519,0.03558975263042815,False,115,0.5023182533853993,0.5187483264247028,0.11949314185881676,0.1076690740092816,False
007,r007_U1500_V_FCFP,U1500,"{""costs_bps"": [10, 25, 50], ""floor"": 50, ""freq"": ""A"", ""q"": 0.2, ""rank"": ""overall"", ""signal"": ""V_FCFP"", ""universe"": ""top1500_mcap_liquid""}",rounds/round_007/run.py,0.4942991899222119,0.1140694557129609,-0.4599277750336952,0.5246185126435617,0.10902940095924696,-0.3985435096981441,0.6810897132316699,0.05435894307342541,0.34894030248158026,4.3083789909135675,0.014611636096338068,0.41758270102076667,0.9167529836963572,0.13454990271221767,0.9503674093778407,0.13541405413056862,0.48863399635563687,0.11249246817148806,-0.4599277750336952,0.5224193582497877,0.10851932099906514,-0.398543509698144,False,False,False,0.4864864864864865,False,192.16666666666666,99,True,S1 needs 10/25/50 bps (DEVIATIONS); S1_50=False; dec50 Sharpe 0.479 vs EW 0.519,0.018430468566215056,False,115,0.4791615810474974,0.5187483264247028,0.10986314117429763,0.1076690740092816,False
007,r007_U1500_I_LOWISS,U1500,"{""costs_bps"": [10, 25, 50], ""floor"": 50, ""freq"": ""A"", ""q"": 0.2, ""rank"": ""overall"", ""signal"": ""I_LOWISS"", ""universe"": ""top1500_mcap_liquid""}",rounds/round_007/run.py,0.6034263826176891,0.13143288332608583,-0.4359473855201189,0.5246185126435617,0.10902940095924696,-0.3985435096981441,0.6810897132316699,0.14393584599954634,0.32112425331366634,3.0384946423088826,0.02219211497068548,1.1474892905460066,1.1153261346504837,0.14406834325857476,0.9503674093778407,0.13541405413056862,0.5968893875901204,0.12984454808910617,-0.4359473855201188,0.5224193582497877,0.10851932099906514,-0.398543509698144,False,False,False,0.7567567567567568,True,196.0,96,True,S1 needs 10/25/50 bps (DEVIATIONS); S1_50=False; dec50 Sharpe 0.586 vs EW 0.519,0.09023750184732793,False,115,0.5859449710634371,0.5187483264247028,0.12719629440661628,0.1076690740092816,False
007,r007_U1500_I_LOWAG,U1500,"{""costs_bps"": [10, 25, 50], ""floor"": 50, ""freq"": ""A"", ""q"": 0.2, ""rank"": ""overall"", ""signal"": ""I_LOWAG"", ""universe"": ""top1500_mcap_liquid""}",rounds/round_007/run.py,0.5453216030976414,0.11857640966153671,-0.41387220058245766,0.5246185126435617,0.10902940095924696,-0.3985435096981441,0.6810897132316699,0.05547265999295755,0.5133496495534267,3.9847003863586026,0.011345761745602978,0.4542930706245915,0.8794018130957358,0.13141558959554112,0.9503674093778407,0.13541405413056862,0.5369688098105766,0.11652620379882084,-0.41387220058245766,0.5224193582497877,0.10851932099906514,-0.398543509698144,False,False,False,0.4864864864864865,False,202.75,107,True,S1 needs 10/25/50 bps (DEVIATIONS); S1_50=False; dec50 Sharpe 0.523 vs EW 0.519,0.018393734210959977,False,115,0.5229775449606561,0.5187483264247028,0.1131075052518602,0.1076690740092816,False
007,r007_U1500_A_FSCORE,U1500,"{""costs_bps"": [10, 25, 50], ""floor"": 50, ""freq"": ""A"", ""q"": 0.2, ""rank"": ""overall"", ""signal"": ""A_FSCORE"", ""universe"": ""top1500_mcap_liquid""}",rounds/round_007/run.py,0.5419070149776266,0.11463063120923711,-0.40950450264739724,0.5246185126435617,0.10902940095924696,-0.3985435096981441,0.6810897132316699,0.0473115639426434,-0.10864405128920081,3.711682810612185,0.0062020318879346115,0.40220043832876246,1.1462905358347995,0.1516365278347953,0.9503674093778407,0.13541405413056862,0.5330227235024719,0.11250991980895542,-0.40950450264739735,0.5224193582497877,0.10851932099906514,-0.398543509698144,False,False,False,0.5405405405405406,False,167.75,50,True,S1 needs 10/25/50 bps (DEVIATIONS); S1_50=False; dec50 Sharpe 0.518 vs EW 0.519,0.016905728114270515,False,115,0.5181175389472931,0.5187483264247028,0.10897356539354264,0.1076690740092816,False
007,r007_U1500_A_GSCORE,U1500,"{""costs_bps"": [10, 25, 50], ""floor"": 50, ""freq"": ""A"", ""q"": 0.2, ""rank"": ""overall"", ""signal"": ""A_GSCORE"", ""universe"": ""top1500_mcap_liquid""}",rounds/round_007/run.py,0.6661268558285866,0.13192103250618237,-0.34984339094051875,0.5246185126435617,0.10902940095924696,-0.3985435096981441,0.6810897132316699,0.10694089212362567,0.1404584506107797,4.750403973884015,0.016400817428077658,0.9009557714558674,1.1290405572406772,0.1479430964940165,0.9503674093778407,0.13541405413056862,0.6605435822307384,0.1307256293958563,-0.34984339094051875,0.5224193582497877,0.10851932099906514,-0.398543509698144,False,False,False,0.972972972972973,True,199.91666666666666,100,True,S1 needs 10/25/50 bps (DEVIATIONS); S1_50=False; dec50 Sharpe 0.651 vs EW 0.519,0.051505535354346495,False,115,0.6511883189055045,0.5187483264247028,0.12873270499975242,0.1076690740092816,False
007,r007_U1500_A_ALTMANZ,U1500,"{""costs_bps"": [10, 25, 50], ""floor"": 50, ""freq"": ""A"", ""q"": 0.2, ""rank"": ""overall"", ""signal"": ""A_ALTMANZ"", ""universe"": ""top1500_mcap_liquid""}",rounds/round_007/run.py,0.5426306371708245,0.11822376716644323,-0.45404236339016824,0.5246185126435617,0.10902940095924696,-0.3985435096981441,0.6810897132316699,0.03167294112769386,-0.32653984085277726,4.489025396741459,0.011192991870775642,0.24197962038869056,0.8490783082904817,0.125774598233926,0.9503674093778407,0.13541405413056862,0.5386750623984148,0.11720604567472481,-0.4540423633901681,0.5224193582497877,0.10851932099906514,-0.398543509698144,False,False,False,0.5675675675675675,False,170.5,79,True,S1 needs 10/25/50 bps (DEVIATIONS); S1_50=False; dec50 Sharpe 0.532 vs EW 0.519,0.012270156529299855,False,115,0.532053195302613,0.5187483264247028,0.11550939752042821,0.1076690740092816,False
007,r007_U1500_A_SHY,U1500,"{""costs_bps"": [10, 25, 50], ""floor"": 50, ""freq"": ""A"", ""q"": 0.2, ""rank"": ""overall"", ""signal"": ""A_SHY"", ""universe"": ""top1500_mcap_liquid""}",rounds/round_007/run.py,0.6417346340822467,0.14612498896079473,-0.44514528260147723,0.5246185126435617,0.10902940095924696,-0.3985435096981441,0.6810897132316699,0.16093510984300557,0.7589998379164081,3.736217838568878,0.037575562848753664,1.2067462788410657,1.2046800819179868,0.1540143779857024,0.9503674093778407,0.13541405413056862,0.6354944021184078,0.1445251078739498,-0.4451452826014771,0.5224193582497877,0.10851932099906514,-0.398543509698144,False,False,False,0.7567567567567568,True,203.08333333333334,107,True,S1 needs 10/25/50 bps (DEVIATIONS); S1_50=False; dec50 Sharpe 0.625 vs EW 0.519,0.10778303044960208,False,115,0.6250481271233307,0.5187483264247028,0.1418576070307851,0.1076690740092816,False
007,r007_U1500_A_STAB,U1500,"{""costs_bps"": [10, 25, 50], ""floor"": 50, ""freq"": ""A"", ""q"": 0.2, ""rank"": ""overall"", ""signal"": ""A_STAB"", ""universe"": ""top1500_mcap_liquid""}",rounds/round_007/run.py,0.5749868946888914,0.10966823022950534,-0.40079880359102293,0.5246185126435617,0.10902940095924696,-0.3985435096981441,0.6810897132316699,-0.02223734411618682,-0.07797464480234813,3.6958813546224283,-0.004499701450881835,-0.19990166493272996,1.3696561875222062,0.16796698735279691,0.9503674093778407,0.13541405413056862,0.5691342134267602,0.10850236879482389,-0.40079880359102305,0.5224193582497877,0.10851932099906514,-0.398543509698144,False,False,False,0.1891891891891892,False,165.0,5,False,S1 needs 10/25/50 bps (DEVIATIONS); S1_50=False; dec50 Sharpe 0.559 vs EW 0.519,0.0032908531643325656,False,115,0.5593444286867714,0.5187483264247028,0.10655867222363113,0.1076690740092816,False
007,r007_U1500_A_LOWLEV,U1500,"{""costs_bps"": [10, 25, 50], ""floor"": 50, ""freq"": ""A"", ""q"": 0.2, ""rank"": ""overall"", ""signal"": ""A_LOWLEV"", ""universe"": ""top1500_mcap_liquid""}",rounds/round_007/run.py,0.3975388896822637,0.08208758264525207,-0.4362367436314407,0.5246185126435617,0.10902940095924696,-0.3985435096981441,0.6810897132316699,-0.07797074490786536,0.013416663067515381,3.835719716620494,-0.022512340446629087,-0.6032254361704446,0.735349090152843,0.11085414271540084,0.9503674093778407,0.13541405413056862,0.3932314088831844,0.0810378754090968,-0.4370067020178112,0.5224193582497877,0.10851932099906514,-0.398543509698144,False,False,False,0.2972972972972973,False,201.75,106,True,S1 needs 10/25/50 bps (DEVIATIONS); S1_50=False; dec50 Sharpe 0.386 vs EW 0.519,0.0007452721431663137,False,115,0.38602571210910586,0.5187483264247028,0.07928787219498168,0.1076690740092816,False
007,r007_U1500_B_QV,U1500,"{""costs_bps"": [10, 25, 50], ""floor"": 50, ""freq"": ""A"", ""q"": 0.2, ""rank"": ""overall"", ""signal"": ""B_QV"", ""universe"": ""top1500_mcap_liquid""}",rounds/round_007/run.py,0.4869939386841147,0.10979045155614142,-0.4514886826648956,0.5246185126435617,0.10902940095924696,-0.3985435096981441,0.6810897132316699,0.03591776292194576,0.6200536792706771,5.157371002133358,0.00830818089235937,0.30107339481637047,0.8897137581240037,0.12369238076042599,0.9503674093778407,0.13541405413056862,0.48110806603314,0.10821411454834284,-0.4514886826648956,0.5224193582497877,0.10851932099906514,-0.398543509698144,False,False,False,0.5135135135135135,False,202.33333333333334,107,True,S1 needs 10/25/50 bps (DEVIATIONS); S1_50=False; dec50 Sharpe 0.471 vs EW 0.519,0.012255209476836922,False,115,0.4712639014411794,0.5187483264247028,0.10558581681161572,0.1076690740092816,False
007,r007_U1500_B_QUAL,U1500,"{""costs_bps"": [10, 25, 50], ""floor"": 50, ""freq"": ""A"", ""q"": 0.2, ""rank"": ""overall"", ""signal"": ""B_QUAL"", ""universe"": ""top1500_mcap_liquid""}",rounds/round_007/run.py,0.6381080746823984,0.13251081501255157,-0.34754905597376706,0.5246185126435617,0.10902940095924696,-0.3985435096981441,0.6810897132316699,0.11476366038009887,-0.2476265718279774,3.536735860872795,0.01959247466390901,0.7851625057834444,0.7769502665829434,0.10722393912124173,0.9503674093778407,0.13541405413056862,0.6329002038228033,0.131312045602209,-0.34754905597376706,0.5224193582497877,0.10851932099906514,-0.398543509698144,False,False,False,0.5945945945945946,False,202.16666666666666,106,True,S1 needs 10/25/50 bps (DEVIATIONS); S1_50=False; dec50 Sharpe 0.624 vs EW 0.519,0.0626289813037493,False,115,0.6241770948254817,0.5187483264247028,0.1293135078648009,0.1076690740092816,False
007,r007_U1500_B_SHYQ,U1500,"{""costs_bps"": [10, 25, 50], ""floor"": 50, ""freq"": ""A"", ""q"": 0.2, ""rank"": ""overall"", ""signal"": ""B_SHYQ"", ""universe"": ""top1500_mcap_liquid""}",rounds/round_007/run.py,0.6641640096375194,0.14666110569827184,-0.42198050953300137,0.5246185126435617,0.10902940095924696,-0.3985435096981441,0.6810897132316699,0.2050929293429325,0.7491138107652764,3.7330020261944363,0.03557195034533338,1.544674630423041,1.1455105713556464,0.14357338242453355,0.9503674093778407,0.13541405413056862,0.6584211075499753,0.14525051276918077,-0.42198050953300126,0.5224193582497877,0.10851932099906514,-0.398543509698144,False,False,False,0.8648648648648649,True,202.41666666666666,107,True,S1 needs 10/25/50 bps (DEVIATIONS); S1_50=False; dec50 Sharpe 0.649 vs EW 0.519,0.1962605076119454,False,115,0.648805526655379,0.5187483264247028,0.14289871151773803,0.1076690740092816,False
007,r007_U1500_C_MOM,U1500,"{""costs_bps"": [10, 25, 50], ""floor"": 50, ""freq"": ""A"", ""q"": 0.2, ""rank"": ""overall"", ""signal"": ""C_MOM"", ""universe"": ""top1500_mcap_liquid""}",rounds/round_007/run.py,0.4470784732426308,0.09469608185715228,-0.35910933661369693,0.5246185126435617,0.10902940095924696,-0.3985435096981441,0.6810897132316699,-0.03351731299736161,-0.42663661743118786,3.394299633892927,-0.010049841476571545,-0.3194231577071496,0.688010088436007,0.11147762382929871,0.9503674093778407,0.13541405413056862,0.43809687130495273,0.092472493794991,-0.35910933661369704,0.5224193582497877,0.10851932099906514,-0.398543509698144,False,False,False,0.5945945945945946,False,200.0,107,True,S1 needs 10/25/50 bps (DEVIATIONS); S1_50=False; dec50 Sharpe 0.423 vs EW 0.519,0.002328931289433033,False,115,0.42303688295040376,0.5187483264247028,0.08876446502832191,0.1076690740092816,False
007,r007_U1500_C_LOWVOL,U1500,"{""costs_bps"": [10, 25, 50], ""floor"": 50, ""freq"": ""A"", ""q"": 0.2, ""rank"": ""overall"", ""signal"": ""C_LOWVOL"", ""universe"": ""top1500_mcap_liquid""}",rounds/round_007/run.py,0.6199310838476734,0.1025760240788669,-0.34918322947348623,0.5246185126435617,0.10902940095924696,-0.3985435096981441,0.6810897132316699,-0.046176153905861536,-0.4331976315908174,3.4481133637842234,-0.01671028348546979,-0.3810323525139434,1.6757043165397723,0.15781408811151443,0.9503674093778407,0.13541405413056862,0.6133481702692265,0.1015005777438851,-0.34918322947348635,0.5224193582497877,0.10851932099906514,-0.398543509698144,False,False,False,0.13513513513513514,False,201.0,107,True,S1 needs 10/25/50 bps (DEVIATIONS); S1_50=False; dec50 Sharpe 0.602 vs EW 0.519,0.0016159806073705125,False,115,0.6023212820098575,0.5187483264247028,0.09970760630006126,0.1076690740092816,False
007,r007_SP500_C_MOM,SP500_side,"{""signal"": ""C_MOM"", ""universe"": ""SP500""}",rounds/round_007/run.py,0.422195454972531,0.08039626269040556,-0.3370518396352654,0.6400131870274632,0.12507506480886388,-0.37578826034001345,0.6810897132316699,-0.14087418202730873,-0.12885639828737178,3.0352994315768496,-0.04023661336848431,-1.2264042544307396,0.7685566997160648,0.11230603018738261,1.1374894062375371,0.13671888276165278,0.411098548229681,0.07812357975394657,-0.3370518396352654,0.6382368454721915,0.12470740143744363,-0.37578826034001345,False,False,False,0.10810810810810811,False,63.583333333333336,51,True,S1 needs 10/25/50 bps (DEVIATIONS); S1_50=False; dec50 Sharpe 0.393 vs EW 0.635,9.57018820615833e-05,False,115,0.39250952993978466,0.6352721083359907,0.07433355436728295,0.12409457289451464,False
007,r007_SP500_C_LOWVOL,SP500_side,"{""signal"": ""C_LOWVOL"", ""universe"": ""SP500""}",rounds/round_007/run.py,0.6638517709598233,0.10262009351752832,-0.32658109332282226,0.6400131870274632,0.12507506480886388,-0.37578826034001345,0.6810897132316699,-0.08115240073984537,-0.2798615580243388,3.8215189694357,-0.02852524605026415,-0.7551538538539633,1.4398116009531783,0.13583158706110288,1.1374894062375371,0.13671888276165278,0.6547884529206679,0.10127836330662521,-0.32658109332282226,0.6382368454721915,0.12470740143744363,-0.37578826034001345,False,False,False,0.13513513513513514,False,63.666666666666664,51,True,S1 needs 10/25/50 bps (DEVIATIONS); S1_50=False; dec50 Sharpe 0.640 vs EW 0.635,0.0005950667971236527,False,115,0.6395789214969859,0.6352721083359907,0.09904128827816883,0.12409457289451464,False
