dec_sharpe,dec_cagr,dec_maxdd,dec_sharpe_ew,dec_cagr_ew,dec_maxdd_ew,dec_sharpe_spy,dec_active_sr_m,dec_active_skew,dec_active_kurt,dec_active_ann,dec_nw_t,info_sharpe,info_cagr,info_sharpe_ew,info_cagr_ew,S1_10,dec25_sharpe,dec25_cagr,dec25_maxdd,dec25_sharpe_ew,dec25_cagr_ew,dec25_maxdd_ew,S1_25,S1,S2_share,S2,S6_avg_n,S6_min_n,S6,round,trial_id,family,spec,evaluator,notes,dec50_sharpe,dec50_sharpe_ew,dec50_cagr,dec50_cagr_ew,S1_50
0.77490377906676,0.1609376042634989,-0.35088334193175097,0.6400131870274632,0.12507506480886388,-0.37578826034001345,0.6810897132316699,0.17254505256499728,0.06164545792802611,2.8804639783003045,0.03357922266593418,1.2698665698577172,1.0058714393742325,0.11763688064969324,1.1374894062375371,0.13671888276165278,False,0.7710640759971402,0.16004624675126733,-0.3508833419317511,0.6382368454721915,0.12470740143744363,-0.37578826034001345,False,False,1.0,True,51.416666666666664,50,True,007,r007_SP500_Q_GPA,SP500_side,"{'universe': 'SP500', 'signal': 'Q_GPA'}",rounds/round_007/run.py,S1 needs 10/25/50 bps (DEVIATIONS); S1_50=False; dec50 Sharpe 0.765 vs EW 0.635,0.7646328754218126,0.6352721083359907,0.1585603062002694,0.12409457289451464,False
0.8169671837313633,0.16464160876642264,-0.33219516302717633,0.6400131870274632,0.12507506480886388,-0.37578826034001345,0.6810897132316699,0.17902516563503035,-0.02972536833823015,3.0732210754361153,0.03519863837803204,1.24436306705131,0.9416265626867507,0.11698936458722531,1.1374894062375371,0.13671888276165278,False,0.8129014147425595,0.16374118363471224,-0.33219516302717644,0.6382368454721915,0.12470740143744363,-0.37578826034001345,False,False,0.972972972972973,True,54.333333333333336,50,True,007,r007_SP500_Q_ROIC,SP500_side,"{'universe': 'SP500', 'signal': 'Q_ROIC'}",rounds/round_007/run.py,S1 needs 10/25/50 bps (DEVIATIONS); S1_50=False; dec50 Sharpe 0.806 vs EW 0.635,0.8060903064441045,0.6352721083359907,0.1622401593877072,0.12409457289451464,False
0.8627399578572262,0.18578073001030093,-0.3617605297226034,0.6400131870274632,0.12507506480886388,-0.37578826034001345,0.6810897132316699,0.3332528621951879,0.05026697378403404,2.951460750908859,0.05612770807880395,2.891433172732066,0.7866725104312323,0.10785334995337803,1.1374894062375371,0.13671888276165278,True,0.854862807686382,0.18395161886942435,-0.36176052972260353,0.6382368454721915,0.12470740143744363,-0.37578826034001345,True,True,1.0,True,63.25,51,True,007,r007_SP500_Q_LOWACC,SP500_side,"{'universe': 'SP500', 'signal': 'Q_LOWACC'}",rounds/round_007/run.py,S1 needs 10/25/50 bps (DEVIATIONS); S1_50=True; dec50 Sharpe 0.842 vs EW 0.635,0.8416293190884265,0.6352721083359907,0.1809017780707618,0.12409457289451464,True
0.4836924440896513,0.10868665756096219,-0.4935926554440945,0.6400131870274632,0.12507506480886388,-0.37578826034001345,0.6810897132316699,-0.005088864313707149,0.07906413848741153,7.502752014497205,-0.0017604431218733636,-0.03882838939092415,1.1155640159700422,0.13507732242287585,1.1374894062375371,0.13671888276165278,False,0.4798726204522519,0.10766459821085994,-0.4935926554440945,0.6382368454721915,0.12470740143744363,-0.37578826034001345,False,False,0.40540540540540543,False,63.666666666666664,51,True,007,r007_SP500_V_BM,SP500_side,"{'universe': 'SP500', 'signal': 'V_BM'}",rounds/round_007/run.py,S1 needs 10/25/50 bps (DEVIATIONS); S1_50=False; dec50 Sharpe 0.473 vs EW 0.635,0.4734939307180486,0.6352721083359907,0.10596071683137653,0.12409457289451464,False
0.4754733356854381,0.10281628455134495,-0.47020161828384677,0.6400131870274632,0.12507506480886388,-0.37578826034001345,0.6810897132316699,-0.03942827648676877,-0.4377182989592045,5.670787102306709,-0.010650141923112477,-0.2877912939343366,0.9910765542375282,0.12253817984780535,1.1374894062375371,0.13671888276165278,False,0.4686168268918137,0.1010905024937172,-0.4704690832037117,0.6382368454721915,0.12470740143744363,-0.37578826034001345,False,False,0.35135135135135137,False,63.416666666666664,51,True,007,r007_SP500_V_EP,SP500_side,"{'universe': 'SP500', 'signal': 'V_EP'}",rounds/round_007/run.py,S1 needs 10/25/50 bps (DEVIATIONS); S1_50=False; dec50 Sharpe 0.457 vs EW 0.635,0.45714585453034906,0.6352721083359907,0.09821293562305367,0.12409457289451464,False
0.5529954130505207,0.12366619628672537,-0.44510012675177957,0.6400131870274632,0.12507506480886388,-0.37578826034001345,0.6810897132316699,0.026087059035896525,0.30695745379289296,4.373574516821,0.008076832373076956,0.2181653776335767,1.0987219236318018,0.13884580784558542,1.1374894062375371,0.13671888276165278,False,0.5469891916025201,0.12210068615103942,-0.44510012675177957,0.6382368454721915,0.12470740143744363,-0.37578826034001345,False,False,0.5135135135135135,False,52.166666666666664,50,True,007,r007_SP500_V_EBITEV,SP500_side,"{'universe': 'SP500', 'signal': 'V_EBITEV'}",rounds/round_007/run.py,S1 needs 10/25/50 bps (DEVIATIONS); S1_50=False; dec50 Sharpe 0.537 vs EW 0.635,0.5369286841817146,0.6352721083359907,0.1194904330733213,0.12409457289451464,False
0.6287804530898687,0.13686356569941593,-0.40539877532269475,0.6400131870274632,0.12507506480886388,-0.37578826034001345,0.6810897132316699,0.06825881010261511,0.706450859445371,4.641420026260142,0.01626149353735523,0.48067801224738144,1.03075016520991,0.13725485654595526,1.1374894062375371,0.13671888276165278,False,0.6227811801482338,0.1354238583659697,-0.40539877532269475,0.6382368454721915,0.12470740143744363,-0.37578826034001345,False,False,0.5945945945945946,False,60.25,50,True,007,r007_SP500_V_FCFP,SP500_side,"{'universe': 'SP500', 'signal': 'V_FCFP'}",rounds/round_007/run.py,S1 needs 10/25/50 bps (DEVIATIONS); S1_50=False; dec50 Sharpe 0.613 vs EW 0.635,0.6127409295243197,0.6352721083359907,0.13302349751062903,0.12409457289451464,False
0.6509318702425817,0.13561215053301368,-0.39533775388345227,0.6400131870274632,0.12507506480886388,-0.37578826034001345,0.6810897132316699,0.08710236370239142,0.5870939838553743,3.9783847480730747,0.012306914554607399,0.6533902755039896,1.090383243492256,0.13715353727077706,1.1374894062375371,0.13671888276165278,False,0.6437364166616761,0.13398478578790707,-0.39533775388345216,0.6382368454721915,0.12470740143744363,-0.37578826034001345,False,False,1.0,True,62.833333333333336,50,True,007,r007_SP500_I_LOWISS,SP500_side,"{'universe': 'SP500', 'signal': 'I_LOWISS'}",rounds/round_007/run.py,S1 needs 10/25/50 bps (DEVIATIONS); S1_50=False; dec50 Sharpe 0.632 vs EW 0.635,0.6316760658122617,0.6352721083359907,0.1312714315881498,0.12409457289451464,False
0.6376646765582824,0.13001996498897817,-0.37475269426596003,0.6400131870274632,0.12507506480886388,-0.37578826034001345,0.6810897132316699,0.02831457342834901,0.74086895976675,4.532621243899417,0.0063064208047794255,0.22181425240583383,1.0993004693407447,0.14352057881139157,1.1374894062375371,0.13671888276165278,False,0.6284757119005586,0.12804013231472244,-0.3747526942659599,0.6382368454721915,0.12470740143744363,-0.37578826034001345,False,False,0.4864864864864865,False,63.583333333333336,51,True,007,r007_SP500_I_LOWAG,SP500_side,"{'universe': 'SP500', 'signal': 'I_LOWAG'}",rounds/round_007/run.py,S1 needs 10/25/50 bps (DEVIATIONS); S1_50=False; dec50 Sharpe 0.613 vs EW 0.635,0.6130796537008828,0.6352721083359907,0.12473881730729097,0.12409457289451464,False
0.5841002121995024,0.11536602235324755,-0.3854461551943935,0.6400131870274632,0.12507506480886388,-0.37578826034001345,0.6810897132316699,-0.06377678285547418,0.07469920482814511,3.437159404662289,-0.007854671437234395,-0.6131585067235931,1.0480568946565472,0.13219124864612897,1.1374894062375371,0.13671888276165278,False,0.5736295826093769,0.11311987641885901,-0.3854461551943936,0.6382368454721915,0.12470740143744363,-0.37578826034001345,False,False,0.43243243243243246,False,58.583333333333336,50,True,007,r007_SP500_A_FSCORE,SP500_side,"{'universe': 'SP500', 'signal': 'A_FSCORE'}",rounds/round_007/run.py,S1 needs 10/25/50 bps (DEVIATIONS); S1_50=False; dec50 Sharpe 0.556 vs EW 0.635,0.5560242207042648,0.6352721083359907,0.10937424172671673,0.12409457289451464,False
0.7927598966609661,0.14679734411431666,-0.3079707100878073,0.6400131870274632,0.12507506480886388,-0.37578826034001345,0.6810897132316699,0.0993566421426679,1.4402117442466529,9.108392803324232,0.01639878274375341,0.829723986060866,1.1901086105816834,0.13421772994678793,1.1374894062375371,0.13671888276165278,False,0.7866413685548372,0.14557704880092737,-0.3079707100878073,0.6382368454721915,0.12470740143744363,-0.37578826034001345,False,False,0.7297297297297297,True,63.083333333333336,50,True,007,r007_SP500_A_GSCORE,SP500_side,"{'universe': 'SP500', 'signal': 'A_GSCORE'}",rounds/round_007/run.py,S1 needs 10/25/50 bps (DEVIATIONS); S1_50=False; dec50 Sharpe 0.776 vs EW 0.635,0.7763642761951909,0.6352721083359907,0.14354264111534865,0.12409457289451464,False
0.7834075616659664,0.16210422825641047,-0.33768071340363526,0.6400131870274632,0.12507506480886388,-0.37578826034001345,0.6810897132316699,0.11905783206253599,-0.12425883625428716,3.547327465451004,0.03451883584397614,0.8524569590971394,0.99986872528021,0.12592806914443155,1.1374894062375371,0.13671888276165278,False,0.7804707212385241,0.16142225846666092,-0.3381459322330078,0.6382368454721915,0.12470740143744363,-0.37578826034001345,False,False,0.8378378378378378,True,54.0,50,True,007,r007_SP500_A_ALTMANZ,SP500_side,"{'universe': 'SP500', 'signal': 'A_ALTMANZ'}",rounds/round_007/run.py,S1 needs 10/25/50 bps (DEVIATIONS); S1_50=False; dec50 Sharpe 0.776 vs EW 0.635,0.7755571923306182,0.6352721083359907,0.16028546053477788,0.12409457289451464,False
0.7513913464928591,0.16757694271475554,-0.40621479873698774,0.6400131870274632,0.12507506480886388,-0.37578826034001345,0.6810897132316699,0.1654456400436645,1.4647669136133554,6.710069171272721,0.04301036750173559,1.228374870146223,1.2360774250717763,0.15884486978771384,1.1374894062375371,0.13671888276165278,False,0.7443222249756599,0.16583324240478947,-0.40621479873698785,0.6382368454721915,0.12470740143744363,-0.37578826034001345,False,False,0.918918918918919,True,63.75,51,True,007,r007_SP500_A_SHY,SP500_side,"{'universe': 'SP500', 'signal': 'A_SHY'}",rounds/round_007/run.py,S1 needs 10/25/50 bps (DEVIATIONS); S1_50=False; dec50 Sharpe 0.732 vs EW 0.635,0.7324615793168826,0.6352721083359907,0.16292581271741624,0.12409457289451464,False
0.6271094414484916,0.11139431511956888,-0.36585715614246195,0.6400131870274632,0.12507506480886388,-0.37578826034001345,0.6810897132316699,-0.09129102102408937,0.001644884686406606,3.0703875110166545,-0.016236935499111205,-0.9127630083391081,1.3919182772675116,0.15489412943163083,1.1374894062375371,0.13671888276165278,False,0.6207123332665779,0.11025519506292825,-0.36585715614246206,0.6382368454721915,0.12470740143744363,-0.37578826034001345,False,False,0.08108108108108109,False,57.75,5,False,007,r007_SP500_A_STAB,SP500_side,"{'universe': 'SP500', 'signal': 'A_STAB'}",rounds/round_007/run.py,S1 needs 10/25/50 bps (DEVIATIONS); S1_50=False; dec50 Sharpe 0.610 vs EW 0.635,0.6100065420675184,0.6352721083359907,0.10835608585758227,0.12409457289451464,False
0.6219213169875433,0.12610343350296138,-0.3566277522679736,0.6400131870274632,0.12507506480886388,-0.37578826034001345,0.6810897132316699,0.01851651839372572,-0.06685267222027802,2.621925319992531,0.002904865981951832,0.13593201005140435,0.9526900217424422,0.1260968241390943,1.1374894062375371,0.13671888276165278,False,0.6185557048002402,0.12535319380137433,-0.3566277522679736,0.6382368454721915,0.12470740143744363,-0.37578826034001345,False,False,0.4864864864864865,False,63.666666666666664,51,True,007,r007_SP500_A_LOWLEV,SP500_side,"{'universe': 'SP500', 'signal': 'A_LOWLEV'}",rounds/round_007/run.py,S1 needs 10/25/50 bps (DEVIATIONS); S1_50=False; dec50 Sharpe 0.613 vs EW 0.635,0.6129278072569004,0.6352721083359907,0.12410251489333857,0.12409457289451464,False
0.5086144689630056,0.11208763008554623,-0.4571142244066275,0.6400131870274632,0.12507506480886388,-0.37578826034001345,0.6810897132316699,-0.007311945061527747,-0.1392420359517265,6.304108832434678,-0.001975207594131482,-0.059450847371831914,1.0174459156603242,0.1304102114500001,1.1374894062375371,0.13671888276165278,False,0.5027210474293601,0.11057330929058784,-0.45711422440662763,0.6382368454721915,0.12470740143744363,-0.37578826034001345,False,False,0.40540540540540543,False,63.416666666666664,51,True,007,r007_SP500_B_QV,SP500_side,"{'universe': 'SP500', 'signal': 'B_QV'}",rounds/round_007/run.py,S1 needs 10/25/50 bps (DEVIATIONS); S1_50=False; dec50 Sharpe 0.493 vs EW 0.635,0.4928595814121062,0.6352721083359907,0.10804846269990187,0.12409457289451464,False
0.755009027285831,0.15119595111037087,-0.3225320490620993,0.6400131870274632,0.12507506480886388,-0.37578826034001345,0.6810897132316699,0.12645320105766544,-0.09023352235671855,2.9523438315208423,0.023496111438232624,0.8991438000668973,0.8904490037548872,0.11141498705690922,1.1374894062375371,0.13671888276165278,False,0.7498851212286308,0.1500664026306886,-0.3225320490620993,0.6382368454721915,0.12470740143744363,-0.37578826034001345,False,False,0.8378378378378378,True,63.416666666666664,51,True,007,r007_SP500_B_QUAL,SP500_side,"{'universe': 'SP500', 'signal': 'B_QUAL'}",rounds/round_007/run.py,S1 needs 10/25/50 bps (DEVIATIONS); S1_50=False; dec50 Sharpe 0.741 vs EW 0.635,0.7412925980889233,0.6352721083359907,0.14818332086049524,0.12409457289451464,False
0.8206345323078097,0.17585255689118973,-0.3835488721355782,0.6400131870274632,0.12507506480886388,-0.37578826034001345,0.6810897132316699,0.26247589835575624,1.7107196341579933,7.274267420837895,0.04754984895889354,2.130535311881379,1.2114837569544723,0.14664071786999244,1.1374894062375371,0.13671888276165278,False,0.8139948214309063,0.17428360672092036,-0.3835488721355781,0.6382368454721915,0.12470740143744363,-0.37578826034001345,False,False,1.0,True,63.416666666666664,51,True,007,r007_SP500_B_SHYQ,SP500_side,"{'universe': 'SP500', 'signal': 'B_SHYQ'}",rounds/round_007/run.py,S1 needs 10/25/50 bps (DEVIATIONS); S1_50=False; dec50 Sharpe 0.803 vs EW 0.635,0.8028435059981595,0.6352721083359907,0.1716676855130197,0.12409457289451464,False
0.422195454972531,0.08039626269040556,-0.3370518396352654,0.6400131870274632,0.12507506480886388,-0.37578826034001345,0.6810897132316699,-0.14087418202730873,-0.12885639828737178,3.0352994315768496,-0.04023661336848431,-1.2264042544307396,0.7685566997160648,0.11230603018738261,1.1374894062375371,0.13671888276165278,False,0.411098548229681,0.07812357975394657,-0.3370518396352654,0.6382368454721915,0.12470740143744363,-0.37578826034001345,False,False,0.10810810810810811,False,63.583333333333336,51,True,007,r007_SP500_C_MOM,SP500_side,"{'universe': 'SP500', 'signal': 'C_MOM'}",rounds/round_007/run.py,S1 needs 10/25/50 bps (DEVIATIONS); S1_50=False; dec50 Sharpe 0.393 vs EW 0.635,0.39250952993978466,0.6352721083359907,0.07433355436728295,0.12409457289451464,False
0.6638517709598233,0.10262009351752832,-0.32658109332282226,0.6400131870274632,0.12507506480886388,-0.37578826034001345,0.6810897132316699,-0.08115240073984537,-0.2798615580243388,3.8215189694357,-0.02852524605026415,-0.7551538538539633,1.4398116009531783,0.13583158706110288,1.1374894062375371,0.13671888276165278,False,0.6547884529206679,0.10127836330662521,-0.32658109332282226,0.6382368454721915,0.12470740143744363,-0.37578826034001345,False,False,0.13513513513513514,False,63.666666666666664,51,True,007,r007_SP500_C_LOWVOL,SP500_side,"{'universe': 'SP500', 'signal': 'C_LOWVOL'}",rounds/round_007/run.py,S1 needs 10/25/50 bps (DEVIATIONS); S1_50=False; dec50 Sharpe 0.640 vs EW 0.635,0.6395789214969859,0.6352721083359907,0.09904128827816883,0.12409457289451464,False
