set,start,end,sharpe_overlay,sharpe_buyhold,better,trial_id
^GSPC 1970-2010,1970-01-02,2010-12-31,0.6001230252248796,0.45639785329824495,True,r005_trend_SPY
^N225,1970-01-05,2023-06-30,0.43200182718466845,0.3475522224632043,True,r005_trend_SPY
^FTSE,1984-01-03,2023-06-30,0.35087283727731367,0.38155030702604675,False,r005_trend_SPY
^GDAXI,1987-12-30,2023-06-30,0.5563841268759081,0.4631565984446625,True,r005_trend_SPY
^HSI,1986-12-31,2023-06-30,0.29102373356727773,0.3479646482161133,False,r005_trend_SPY
^STI,1987-12-28,2023-06-30,0.44654472925299493,0.30111481741605406,True,r005_trend_SPY
^GSPC 1970-2010,1970-01-02,2010-12-31,0.4920167757014108,0.45639785329824495,True,r005_voltarget_SPY
^N225,1970-01-05,2023-06-30,0.3897649461356996,0.3475522224632043,True,r005_voltarget_SPY
^FTSE,1984-01-03,2023-06-30,0.38797359424024036,0.38155030702604675,True,r005_voltarget_SPY
^GDAXI,1987-12-30,2023-06-30,0.47437705985524026,0.4631565984446625,True,r005_voltarget_SPY
^HSI,1986-12-31,2023-06-30,0.41260918866818413,0.3479646482161133,True,r005_voltarget_SPY
^STI,1987-12-28,2023-06-30,0.27157526964869355,0.30111481741605406,False,r005_voltarget_SPY
^GSPC 1970-2010,1970-01-02,2010-12-31,0.5988977741467987,0.45639785329824495,True,r005_ddstop_SPY
^N225,1970-01-05,2023-06-30,0.35522077001064295,0.3475522224632043,True,r005_ddstop_SPY
^FTSE,1984-01-03,2023-06-30,0.4066042053225661,0.38155030702604675,True,r005_ddstop_SPY
^GDAXI,1987-12-30,2023-06-30,0.5254907471396667,0.4631565984446625,True,r005_ddstop_SPY
^HSI,1986-12-31,2023-06-30,0.2813032461419646,0.3479646482161133,False,r005_ddstop_SPY
^STI,1987-12-28,2023-06-30,0.31173601577723353,0.30111481741605406,True,r005_ddstop_SPY
^GSPC 1970-2010,1970-01-02,2010-12-31,0.6001230252248796,0.45639785329824495,True,r005_trend_EW
^N225,1970-01-05,2023-06-30,0.43200182718466845,0.3475522224632043,True,r005_trend_EW
^FTSE,1984-01-03,2023-06-30,0.35087283727731367,0.38155030702604675,False,r005_trend_EW
^GDAXI,1987-12-30,2023-06-30,0.5563841268759081,0.4631565984446625,True,r005_trend_EW
^HSI,1986-12-31,2023-06-30,0.29102373356727773,0.3479646482161133,False,r005_trend_EW
^STI,1987-12-28,2023-06-30,0.44654472925299493,0.30111481741605406,True,r005_trend_EW
^GSPC 1970-2010,1970-01-02,2010-12-31,0.4920167757014108,0.45639785329824495,True,r005_voltarget_EW
^N225,1970-01-05,2023-06-30,0.3897649461356996,0.3475522224632043,True,r005_voltarget_EW
^FTSE,1984-01-03,2023-06-30,0.38797359424024036,0.38155030702604675,True,r005_voltarget_EW
^GDAXI,1987-12-30,2023-06-30,0.47437705985524026,0.4631565984446625,True,r005_voltarget_EW
^HSI,1986-12-31,2023-06-30,0.41260918866818413,0.3479646482161133,True,r005_voltarget_EW
^STI,1987-12-28,2023-06-30,0.27157526964869355,0.30111481741605406,False,r005_voltarget_EW
^GSPC 1970-2010,1970-01-02,2010-12-31,0.5988977741467987,0.45639785329824495,True,r005_ddstop_EW
^N225,1970-01-05,2023-06-30,0.35522077001064295,0.3475522224632043,True,r005_ddstop_EW
^FTSE,1984-01-03,2023-06-30,0.4066042053225661,0.38155030702604675,True,r005_ddstop_EW
^GDAXI,1987-12-30,2023-06-30,0.5254907471396667,0.4631565984446625,True,r005_ddstop_EW
^HSI,1986-12-31,2023-06-30,0.2813032461419646,0.3479646482161133,False,r005_ddstop_EW
^STI,1987-12-28,2023-06-30,0.31173601577723353,0.30111481741605406,True,r005_ddstop_EW
