trial_id,DSR_final
v1_main_P1,0.003128755092547391
v1_main_P2,0.013144143287579199
v1_main_P3,0.0061518207421105454
v1_S1_P1,0.004812806560475496
v1_S1_P2,0.007796413704951127
v1_S1_P3,0.006252179487235269
v1_S2_P1,0.0035440309939140506
v1_S2_P2,0.0134413258777271
v1_S2_P3,0.006954477415021443
v1_S3_P1,0.0029193158304220094
v1_S3_P2,0.013608073115252348
v1_S3_P3,0.005666439370292654
r001_Q_GPA_overall,0.13438611347585067
r001_Q_GPA_sector,0.1060920242356645
r001_Q_ROIC_overall,0.14875563879553771
r001_Q_ROIC_sector,0.06172002962901398
r001_Q_LOWACC_overall,0.595575758946702
r001_Q_LOWACC_sector,0.37221366931058414
r001_V_BM_overall,0.004607918725712941
r001_V_BM_sector,0.004862308833007758
r001_V_EP_overall,0.0017700440510863365
r001_V_EP_sector,0.0022756502233729063
r001_V_EBITEV_overall,0.009372076114851864
r001_V_EBITEV_sector,0.0008222643417342086
r001_V_FCFP_overall,0.021094020825822603
r001_V_FCFP_sector,0.005606224294789961
r001_I_LOWISS_overall,0.030690077390909894
r001_I_LOWISS_sector,0.0355443506951645
r001_I_LOWAG_overall,0.009463500138317872
r001_I_LOWAG_sector,0.03718180901346337
r001_A_FSCORE_overall,0.0010079759137570975
r001_A_FSCORE_sector,0.0006470200783490498
r001_A_GSCORE_overall,0.03277445804044174
r001_A_GSCORE_sector,0.002160080360965131
r001_A_ALTMANZ_overall,0.06175516534484682
r001_A_ALTMANZ_sector,0.0251708451729306
r001_A_SHY_overall,0.09542711739836907
r001_A_SHY_sector,0.045198588154666375
r001_A_STAB_overall,0.00044453553809894656
r001_A_STAB_sector,0.0007230113121490115
r001_A_LOWLEV_overall,0.008109194664826081
r001_A_LOWLEV_sector,0.05198627025433047
r001_F_ALTMAN,0.049119147837217464
r001_F_BENEISH,0.0014363777242111673
r001_F_BOTH,0.0627324550605724
r002_B_QV_overall,0.004338867921434853
r002_B_QV_sector,0.0036069173525541064
r002_B_QUAL_overall,0.06917584273517102
r002_B_QUAL_sector,0.021847536642440643
r002_B_FV_overall,0.0009840765988310234
r002_B_FV_sector,0.0002814270916277039
r002_B_SHYQ_overall,0.3331947675677127
r002_B_SHYQ_sector,0.06258959874275977
r002_B_QVI_overall,0.020141600050850833
r002_B_QVI_sector,0.008841216283053501
r002_B_QARP_overall,0.010709303886515578
r002_B_QARP_sector,0.0034107729496286984
r003_C_MOM_overall,0.002273251445044078
r003_C_MOM_sector,0.0014853127875924313
r003_C_LOWVOL_overall,0.0008382136795720899
r003_C_LOWVOL_sector,0.00026284677245354396
r003_C_TREND_overall,0.007223063585288001
r003_C_TREND_sector,0.006223838252341322
r003_C_HI52_overall,0.0010078683795654753
r003_C_HI52_sector,0.0003111273635504487
r003_C_QMOM_overall,0.03043059011329101
r003_C_QMOM_sector,0.0013144409291731775
r003_C_SHYQMOM_overall,0.11672848990626838
r003_C_SHYQMOM_sector,0.006195695281328444
r003_C_QLOWVOL_overall,0.0030648408225869258
r003_C_QLOWVOL_sector,0.0023655185694706755
r003_C_VMOM_overall,0.00027560422361704
r003_C_VMOM_sector,0.00016727373244670724
r004_Q_LOWACC_overall_W_IV,0.5704958863237674
r004_Q_LOWACC_overall_W_CAP,0.137330906314016
r004_Q_LOWACC_overall_F1,0.6125087566463315
r004_Q_LOWACC_overall_F2,0.5368555403982986
r004_Q_LOWACC_overall_SECCAP,0.5955757589467109
r004_Q_LOWACC_overall_BUFFER,0.5986656818293159
r004_C_SHYQMOM_overall_W_IV,0.0295250374875833
r004_C_SHYQMOM_overall_W_CAP,0.08705934011536082
r004_C_SHYQMOM_overall_F1,0.017900137660176285
r004_C_SHYQMOM_overall_F2,0.006433381276155767
r004_C_SHYQMOM_overall_SECCAP,0.11768809998368618
r004_C_SHYQMOM_overall_BUFFER,0.08585234414479231
r005_trend_SPY,0.00029493381827265015
r005_voltarget_SPY,4.6764450094908076e-05
r005_ddstop_SPY,4.205266873317924e-05
r005_trend_EW,0.00018336842411581525
r005_voltarget_EW,4.787861463502005e-09
r005_ddstop_EW,1.680081626143884e-17
r006_F_GBM,0.01312715853848286
r006_F_TREE2,6.822542512172842e-05
