combo,set,start,end,months,mean_monthly,t,positive
RMW (quality / low accruals),US 1963-2010,1963-07-31,2010-12-31,570,0.0027592982456140346,2.8842980864507877,True
RMW (quality / low accruals),Developed ex US,1990-07-31,2023-06-30,396,0.0033434343434343436,4.831213072497007,True
RMW (quality / low accruals),Europe,1990-07-31,2023-06-30,396,0.003693686868686869,4.542026138354668,True
RMW (quality / low accruals),Japan,1990-07-31,2023-06-30,396,0.0010633838383838385,1.0026313171139087,True
RMW (quality / low accruals),Asia Pacific ex Japan,1990-07-31,2023-06-30,396,0.0031601010101010097,2.4073237633080207,True
RMW (quality / low accruals),Emerging,1991-07-31,2023-06-30,384,0.001964583333333334,2.1450994532376173,True
HML (value),US 1963-2010,1963-07-31,2010-12-31,570,0.004015614035087719,3.3588831351578365,True
HML (value),Developed ex US,1990-07-31,2023-06-30,396,0.0032838383838383845,2.784233910242457,True
HML (value),Europe,1990-07-31,2023-06-30,396,0.0026249999999999993,1.9819868641788028,True
HML (value),Japan,1990-07-31,2023-06-30,396,0.0029351010101010097,1.9137009294506018,True
HML (value),Asia Pacific ex Japan,1990-07-31,2023-06-30,396,0.005405303030303031,3.531650775709063,True
HML (value),Emerging,1989-07-31,2023-06-30,408,0.006561274509803922,4.666261728434144,True
CMA (investment),US 1963-2010,1963-07-31,2010-12-31,570,0.003313333333333333,3.875352685741804,True
CMA (investment),Developed ex US,1990-07-31,2023-06-30,396,0.0014992424242424246,1.6813685830353533,True
CMA (investment),Europe,1990-07-31,2023-06-30,396,0.0012911616161616164,1.4086800893959668,True
CMA (investment),Japan,1990-07-31,2023-06-30,396,0.0006921717171717172,0.586740587802329,True
CMA (investment),Asia Pacific ex Japan,1990-07-31,2023-06-30,396,0.0030053030303030296,2.4597002764386433,True
CMA (investment),Emerging,1992-07-31,2023-06-30,372,0.002900806451612903,2.864987289432095,True
MOM,US 1963-2010,1963-07-31,2010-12-31,570,0.007169298245614037,3.938691896704987,True
MOM,Developed ex US,1990-11-30,2023-06-30,392,0.006409438775510205,3.668216098940445,True
MOM,Europe,1990-11-30,2023-06-30,392,0.008561989795918367,4.3333740951577715,True
MOM,Japan,1990-11-30,2023-06-30,392,0.0005173469387755106,0.24254454471380793,True
MOM,Asia Pacific ex Japan,1990-11-30,2023-06-30,392,0.008116836734693877,3.8118349262476965,True
MOM,Emerging,1990-01-31,2023-06-30,402,0.008082835820895522,5.405396360095377,True
(HML+RMW+MOM)/3 (SHY+quality+mom),US 1963-2010,1963-07-31,2010-12-31,570,0.004648070175438597,5.95138179516989,True
(HML+RMW+MOM)/3 (SHY+quality+mom),Developed ex US,1990-11-30,2023-06-30,392,0.004379336734693877,6.586172465886804,True
(HML+RMW+MOM)/3 (SHY+quality+mom),Europe,1990-11-30,2023-06-30,392,0.004994727891156462,6.962937165289347,True
(HML+RMW+MOM)/3 (SHY+quality+mom),Japan,1990-11-30,2023-06-30,392,0.0015136054421768705,1.8041257330237146,True
(HML+RMW+MOM)/3 (SHY+quality+mom),Asia Pacific ex Japan,1990-11-30,2023-06-30,392,0.005564455782312926,7.14621710454723,True
(HML+RMW+MOM)/3 (SHY+quality+mom),Emerging,1991-07-31,2023-06-30,384,0.005707378472222221,9.229115466300316,True
(RMW+HML)/2 (QV),US 1963-2010,1963-07-31,2010-12-31,570,0.0033874561403508772,4.248789706449972,True
(RMW+HML)/2 (QV),Developed ex US,1990-07-31,2023-06-30,396,0.0033136363636363637,6.059970692373256,True
(RMW+HML)/2 (QV),Europe,1990-07-31,2023-06-30,396,0.0031593434343434347,5.979990778620702,True
(RMW+HML)/2 (QV),Japan,1990-07-31,2023-06-30,396,0.001999242424242424,2.865645955766371,True
(RMW+HML)/2 (QV),Asia Pacific ex Japan,1990-07-31,2023-06-30,396,0.004282702020202019,6.6649030021524,True
(RMW+HML)/2 (QV),Emerging,1991-07-31,2023-06-30,384,0.004346875,7.837141074330355,True
