R,n_U,n_signal
2011-06-30,255,12
2011-07-29,255,12
2011-08-31,259,12
2011-09-30,260,11
2011-10-31,263,12
2011-11-30,261,14
2011-12-30,264,15
2012-01-31,265,15
2012-02-29,270,10
2012-03-30,272,6
2012-04-30,273,7
2012-05-31,273,8
2012-06-29,275,8
2012-07-31,276,9
2012-08-31,276,12
2012-09-28,277,12
2012-10-31,277,12
2012-11-30,278,7
2012-12-31,280,9
2013-01-31,280,8
2013-02-28,283,6
2013-03-28,284,7
2013-04-30,284,9
2013-05-31,284,11
2013-06-28,285,11
2013-07-31,285,16
2013-08-30,285,15
2013-09-30,286,15
2013-10-31,287,15
2013-11-29,288,14
2013-12-31,287,14
2014-01-31,288,10
2014-02-28,290,14
2014-03-31,291,16
2014-04-30,291,16
2014-05-30,293,14
2014-06-30,293,14
2014-07-31,294,16
2014-08-29,295,14
2014-09-30,296,11
2014-10-31,296,11
2014-11-28,295,10
2014-12-31,296,10
2015-01-30,297,8
2015-02-27,296,9
2015-03-31,299,10
2015-04-30,299,10
2015-05-29,299,14
2015-06-30,300,14
2015-07-31,302,17
2015-08-31,302,24
2015-09-30,303,26
2015-10-30,304,26
2015-11-30,305,24
2015-12-31,307,25
2016-01-29,306,24
2016-02-29,308,20
2016-03-31,309,20
2016-04-29,309,20
2016-05-31,312,18
2016-06-30,314,16
2016-07-29,316,18
2016-08-31,316,17
2016-09-30,319,19
2016-10-31,320,18
2016-11-30,321,19
2016-12-30,320,20
2017-01-31,321,22
2017-02-28,322,16
2017-03-31,322,15
2017-04-28,323,13
2017-05-31,323,13
2017-06-30,323,11
2017-07-31,325,11
2017-08-31,325,14
2017-09-29,325,13
2017-10-31,326,13
2017-11-30,326,12
2017-12-29,325,10
2018-01-31,326,8
2018-02-28,328,7
2018-03-29,330,9
2018-04-30,332,10
2018-05-31,333,15
2018-06-29,333,15
2018-07-31,333,16
2018-08-31,334,18
2018-09-28,334,16
2018-10-31,336,19
2018-11-30,337,19
2018-12-31,341,22
2019-01-31,341,23
2019-02-28,343,23
2019-03-29,344,23
2019-04-30,344,20
2019-05-31,344,23
2019-06-28,342,24
2019-07-31,343,25
2019-08-30,344,27
2019-09-30,347,28
2019-10-31,347,29
2019-11-29,348,26
2019-12-31,351,26
2020-01-31,352,26
2020-02-28,353,23
2020-03-31,355,32
2020-04-30,354,33
2020-05-29,355,39
2020-06-30,357,35
2020-07-31,357,33
2020-08-31,357,30
2020-09-30,356,16
2020-10-30,357,16
2020-11-30,357,13
2020-12-31,358,13
2021-01-29,360,14
2021-02-26,363,13
2021-03-31,366,17
2021-04-30,367,19
2021-05-28,368,21
2021-06-30,368,22
2021-07-30,369,21
2021-08-31,370,21
2021-09-30,369,18
2021-10-29,369,15
2021-11-30,369,18
2021-12-31,371,18
2022-01-31,371,16
2022-02-28,372,16
2022-03-31,374,15
2022-04-29,374,16
2022-05-31,374,21
2022-06-30,374,21
2022-07-29,374,22
2022-08-31,374,19
2022-09-30,373,19
2022-10-31,376,19
2022-11-30,376,18
2022-12-30,377,17
2023-01-31,377,18
2023-02-28,380,19
2023-03-31,382,20
2023-04-28,382,19
2023-05-31,383,18
