R,LOWACC,EW,excess,window
2011-06-30,0.0095856210861669,0.027061865407335885,-0.017476244321168982,2011-2016
2012-06-29,0.25037842253385073,0.2553244904097032,-0.0049460678758524446,2011-2016
2013-06-28,0.3144202167912023,0.2829880170979541,0.031432199693248175,2011-2016
2014-06-30,0.032271436319838864,0.07074283339615735,-0.038471397076318484,2011-2016
2015-06-30,-0.03729330657526944,0.04347893510681352,-0.08077224168208297,2011-2016
2016-06-30,0.1279156717047446,0.16893563091257116,-0.041019959207826556,2011-2016
2017-06-30,0.26125413913763484,0.14686132481671893,0.11439281432091591,2017-2022
2018-06-29,0.0755931791094767,0.10386324237032511,-0.02827006326084841,2017-2022
2019-06-28,0.04925765002842139,-0.010654298281487836,0.05991194830990923,2017-2022
2020-06-30,0.6835213912797203,0.4982048731685607,0.18531651811115962,2017-2022
2021-06-30,-0.034967390895225166,-0.09400531665849444,0.05903792576326928,2017-2022
2022-06-30,0.2095128193051309,0.19449817282506968,0.015014646480061233,2017-2022
