window,sic_group,n,mean_fwd,share_%,ew_n,ew_mean_fwd,ew_share_%,overweight_pt,contrib_vs_ew
2011-2016,Instruments & medical devices,10.0,0.1948,2.924,140,0.1764,8.1301,-5.2061,-0.0086
2011-2016,Other manufacturing,17.0,0.0918,4.9708,157,0.1334,9.1173,-4.1465,-0.0076
2011-2016,Utilities,13.0,0.1517,3.8012,171,0.1312,9.9303,-6.1291,-0.0073
2011-2016,Chemicals & pharma,9.0,0.1124,2.6316,96,0.1696,5.5749,-2.9433,-0.0065
2011-2016,Food & beverage mfg,8.0,0.0697,2.3392,89,0.1382,5.1684,-2.8292,-0.0055
2011-2016,Oil & gas extraction,49.0,-0.0448,14.3275,72,-0.0224,4.1812,10.1463,-0.0055
2011-2016,Transport equipment,2.0,0.3288,0.5848,68,0.1488,3.9489,-3.3641,-0.004
2011-2016,Machinery & computers,26.0,0.0681,7.6023,128,0.1132,7.4332,0.1691,-0.0032
2011-2016,Wholesale,1.0,0.2118,0.2924,44,0.1446,2.5552,-2.2628,-0.0031
2011-2016,Petroleum refining,2.0,-0.1147,0.5848,33,0.1212,1.9164,-1.3316,-0.003
2011-2016,Services (other),6.0,0.0556,1.7544,11,0.4183,0.6388,1.1156,-0.0017
2011-2016,Services (professional),1.0,-0.0848,0.2924,10,0.2199,0.5807,-0.2883,-0.0015
2011-2016,Mining (metals/coal),5.0,-0.1602,1.462,15,-0.1444,0.8711,0.5909,-0.0011
2011-2016,Mining (other),,,,8,0.2428,0.4646,,-0.0011
2011-2016,Chemicals (other),7.0,0.1522,2.0468,56,0.1209,3.252,-1.2052,-0.0008
2011-2016,Construction,2.0,0.2371,0.5848,30,0.1266,1.7422,-1.1574,-0.0008
2011-2016,Health services,3.0,0.0704,0.8772,25,0.0981,1.4518,-0.5746,-0.0008
2011-2016,Services (hotels/personal),9.0,0.1272,2.6316,22,0.1512,1.2776,1.354,0.0014
2011-2016,Communications,17.0,0.1178,4.9708,34,0.1375,1.9744,2.9963,0.0031
2011-2016,Transportation,20.0,0.2511,5.848,76,0.1912,4.4135,1.4345,0.0062
2011-2016,Retail,54.0,0.1377,15.7895,181,0.1399,10.511,5.2784,0.007
2011-2016,Business services & software,55.0,0.1539,16.0819,158,0.1757,9.1754,6.9065,0.0086
2011-2016,Electronics & semis,26.0,0.2654,7.6023,98,0.1977,5.6911,1.9113,0.0089
2017-2022,Instruments & medical devices,15.0,0.2155,3.5971,200,0.1417,9.5374,-5.9403,-0.0058
2017-2022,Transport equipment,7.0,0.0292,1.6787,86,0.1264,4.1011,-2.4224,-0.0047
2017-2022,Construction,,,,35,0.2602,1.6691,,-0.0043
2017-2022,Chemicals & pharma,26.0,0.0749,6.235,140,0.1247,6.6762,-0.4412,-0.0037
2017-2022,Services (hotels/personal),1.0,-0.239,0.2398,40,0.1051,1.9075,-1.6677,-0.0026
2017-2022,Utilities,13.0,0.1994,3.1175,195,0.0902,9.299,-6.1815,-0.0022
2017-2022,Food & beverage mfg,9.0,0.114,2.1583,97,0.0994,4.6257,-2.4674,-0.0021
2017-2022,Communications,5.0,-0.1464,1.199,38,0.0064,1.8121,-0.6131,-0.0019
2017-2022,Wholesale,7.0,0.147,1.6787,59,0.1476,2.8135,-1.1349,-0.0017
2017-2022,Services (other),1.0,0.1033,0.2398,12,0.3241,0.5722,-0.3324,-0.0016
2017-2022,Mining (other),,,,12,0.1651,0.5722,,-0.0009
2017-2022,Mining (metals/coal),4.0,0.1074,0.9592,12,0.2653,0.5722,0.387,-0.0005
2017-2022,Services (professional),6.0,0.0529,1.4388,25,0.1089,1.1922,0.2467,-0.0005
2017-2022,Other manufacturing,28.0,0.1056,6.7146,161,0.0957,7.6776,-0.963,-0.0003
2017-2022,Chemicals (other),11.0,0.1656,2.6379,69,0.1258,3.2904,-0.6525,0.0002
2017-2022,Machinery & computers,26.0,0.208,6.235,149,0.1793,7.1054,-0.8704,0.0002
2017-2022,Health services,6.0,0.1869,1.4388,29,0.1507,1.3829,0.0559,0.0006
2017-2022,Petroleum refining,12.0,0.2234,2.8777,36,0.1777,1.7167,1.161,0.0034
2017-2022,Electronics & semis,41.0,0.2398,9.8321,124,0.1974,5.9132,3.9189,0.0119
2017-2022,Retail,56.0,0.2349,13.4293,182,0.199,8.6791,4.7502,0.0143
2017-2022,Transportation,28.0,0.3447,6.7146,110,0.1029,5.2456,1.469,0.0177
2017-2022,Oil & gas extraction,35.0,0.2726,8.3933,48,0.1316,2.289,6.1043,0.0199
2017-2022,Business services & software,80.0,0.2585,19.1847,238,0.1535,11.3495,7.8351,0.0322
