R,LOWACC,EW,excess
2011-06-30,0.09739433420055203,0.043061288957621804,0.05433304524293023
2012-06-29,0.25704859650290257,0.28467003030483895,-0.02762143380193638
2013-06-28,0.2529200560933452,0.27935960028970247,-0.026439544196357245
2014-06-30,0.09782616256516227,0.09190423024540248,0.005921932319759793
2015-06-30,0.01694108333241271,0.047382448016175444,-0.030441364683762732
2016-06-30,0.15075769651648585,0.17087433751147355,-0.020116640994987695
2017-06-30,0.26792781031768587,0.14934616984933277,0.1185816404683531
2018-06-29,0.08676425660452565,0.10818757249558762,-0.021423315891061973
2019-06-28,0.034294957900487706,0.020087394197699445,0.014207563702788261
2020-06-30,0.6425010948640747,0.5041866305019639,0.1383144643621108
2021-06-30,-0.11494695633333384,-0.10969309304482175,-0.005253863288512087
2022-06-30,0.220597581567803,0.18100332368917635,0.039594257878626665
