start,mode,strategy,final,invested,multiple,xirr,twr_cagr,sharpe,maxdd_twr,maxdd_value,turnover_yr,n_avg,n_end,cash_avg,cash_end,years,info_twr_cagr,info_sharpe,info_maxdd,dec_twr_cagr,dec_sharpe,dec_maxdd
2011-06-30,Y1_KEEP,S1_FUNNEL,3141249.348071124,1200000.0,2.61770779005927,0.14146701493662994,0.14227546859093043,0.8666361661193995,-0.38266899880429817,-0.38266899880429806,0.0,87.87586206896552,142,0.0,0.0,12.0,0.14858161262607683,1.2541093296700472,-0.1876567618989199,0.13619320280307723,0.678082891590197,-0.38266899880429806
2011-06-30,Y1_KEEP,S2_WEIGHTED,3543633.968105074,1200000.0,2.9530283067542284,0.15859614754773282,0.1512814808140166,0.8745549570354184,-0.3904661115584718,-0.3904661115584718,0.0,80.8551724137931,132,0.0,0.0,12.0,0.14637181096620577,1.2090898651584983,-0.20271049445687417,0.15640479953341213,0.7324240188974236,-0.3904661115584718
2011-06-30,Y1_KEEP,SPY,2827357.379537195,1200000.0,2.3561311496143293,0.12643950712247926,0.12733172289714667,0.8391603470573615,-0.33717276936381835,-0.3371727693638181,0.0,1.0,1,0.0,0.0,12.0,0.12922194536221543,1.1229627543122855,-0.18366790675207167,0.12544466450534286,0.6810897132316714,-0.33717276936381824
2011-06-30,Y1_KEEP,EW,3063370.573376435,1200000.0,2.552808811147029,0.13788963079694427,0.138034740815421,0.8743345234622399,-0.34874330900569495,-0.3487433090056947,0.0,316.5655172413793,410,0.0,0.0,12.0,0.14000127358928016,1.1799241360140005,-0.19927182984913683,0.13626086678438787,0.7105153602654303,-0.34874330900569495
2011-06-30,Y1_KEEP,v1_P3,2385051.8881230005,1200000.0,1.9875432401025004,0.10199275809844902,0.10905780913390384,0.6483116709558358,-0.44453031280955246,-0.44453031280955246,0.0,42.44137931034483,82,0.0,0.0,12.0,0.14062692102772312,1.1128240279614363,-0.21141761639145018,0.07854208724500422,0.398239311177183,-0.44453031280955235
2011-06-30,Y2_SWITCH,S1_FUNNEL,2614515.7657820163,1200000.0,2.1787631381516803,0.11522045526445222,0.12414274808729919,0.6485937549814123,-0.5068826709538232,-0.5068826709538233,0.7083940341322306,20.0,20,0.0,0.0,12.0,0.16068434568377055,1.2434123209314598,-0.22666645374229877,0.08893296547612017,0.40498830529674873,-0.5068826709538232
2011-06-30,Y2_SWITCH,S2_WEIGHTED,2800476.1063083513,1200000.0,2.3337300885902925,0.12507239563733233,0.13063977368110802,0.6428089464725228,-0.552090262964432,-0.552090262964432,0.715922888106991,20.0,20,0.0,0.0,12.0,0.1669947118264219,1.2815525970411445,-0.24600387856875439,0.09559988050426393,0.4150314791274027,-0.5520902629644319
2011-06-30,Y2_SWITCH,SPY,2827357.3795371954,1200000.0,2.3561311496143293,0.1264395071224793,0.12733172289714667,0.8391603470573604,-0.33717276936381835,-0.3371727693638181,0.0,1.0,1,0.0,0.0,12.0,0.12922194536221565,1.1229627543122864,-0.18366790675207167,0.12544466450534242,0.6810897132316691,-0.33717276936381835
2011-06-30,Y2_SWITCH,EW,2881808.177011634,1200000.0,2.401506814176362,0.1291675181335473,0.1319335731224074,0.8203552705056679,-0.37702905919992,-0.3770290591999199,0.09646187984119552,285.8137931034483,355,0.0,0.0,12.0,0.14103492752765678,1.1832812651170659,-0.19927182984913694,0.1230918876582141,0.6298046116254948,-0.37702905919992
2011-06-30,Y2_SWITCH,v1_P3,3052596.3935409673,1200000.0,2.543830327950806,0.13738727537624787,0.1398769231747219,0.632836686526281,-0.5289928752308785,-0.5288689011922907,0.7672802389965652,10.86896551724138,28,0.0,0.0,12.0,0.18310499521148382,1.1696629054167915,-0.2412694920258852,0.09841127229109015,0.40957416923810464,-0.5289928752308783
2011-06-30,Y3_BUYHOLD,S1_FUNNEL,575592.8743499906,100000.0,5.755928743499906,0.15702555367695825,0.1570255536774514,1.0589871153098607,-0.33000600612033804,-0.3300060061203378,0.0,20.0,20,0.0,0.0,12.0,0.14424130180454542,1.2994452469993212,-0.1876567618989199,0.17014755092648337,0.9385730987504178,-0.33000600612033804
2011-06-30,Y3_BUYHOLD,S2_WEIGHTED,432866.2739025024,100000.0,4.328662739025024,0.12987260583738286,0.12987260583738336,0.8662506675493894,-0.35085692123183054,-0.3508569212318302,0.0,20.0,20,0.0,0.0,12.0,0.12972283215644542,1.1405303184083369,-0.20271049445687417,0.13021065801536325,0.7142862003704495,-0.35085692123183043
2011-06-30,Y3_BUYHOLD,SPY,421328.4034272908,100000.0,4.213284034272908,0.1273317228971431,0.12733172289714667,0.8391603470573621,-0.33717276936381824,-0.3371727693638181,0.0,1.0,1,0.0,0.0,12.0,0.12922194536221543,1.1229627543122875,-0.18366790675207167,0.12544466450534308,0.6810897132316719,-0.33717276936381824
2011-06-30,Y3_BUYHOLD,EW,498333.8815181907,100000.0,4.983338815181908,0.1432118073737474,0.1432118073737476,0.9100490962083795,-0.33421472788954165,-0.334214727889542,0.0,169.0,169,0.0,0.0,12.0,0.13706577171714707,1.1621652727823364,-0.19927182984913683,0.14958254881510236,0.7800878691474431,-0.33421472788954176
2011-06-30,Y3_BUYHOLD,v1_P3,473342.55184473307,100000.0,4.733425518447331,0.13832068834388878,0.1383206883436574,0.9175762576997721,-0.3593720656934264,-0.3593720656934265,0.0,12.0,12,0.0,0.0,12.0,0.13838607825620808,1.1734678059740233,-0.21141761639145018,0.13844493240695677,0.7648563484096974,-0.3593720656934264
2011-06-30,M1_KEEP,S1_FUNNEL,3489966.3516964857,1440000.0,2.4235877442336706,0.13892430207173767,0.14010643689956415,0.859292422627915,-0.38276988643882226,-0.378673114369408,0.0,87.87586206896552,142,0.0,0.0,12.0,0.14641983753004784,1.230034009125626,-0.1895831927073982,0.13401669714383813,0.673603258288226,-0.38276988643882226
2011-06-30,M1_KEEP,S2_WEIGHTED,3887316.4466172257,1440000.0,2.699525310150851,0.15516417197734045,0.146178698243691,0.8570595282826368,-0.39008214925627627,-0.3864851272039179,0.0,80.8551724137931,132,0.0,0.0,12.0,0.14082315471682905,1.1560276031579177,-0.20671801412136215,0.15175122977457778,0.7237753915291246,-0.39008214925627627
2011-06-30,M1_KEEP,SPY,3220776.1130027785,1440000.0,2.2366500784741516,0.1267730561348016,0.12733172289714645,0.8391603470573586,-0.33717276936381835,-0.3333509809651487,0.0,1.0,1,0.0,0.0,12.0,0.12922194536221587,1.1229627543122902,-0.18366790675207056,0.12544466450534197,0.6810897132316652,-0.33717276936381824
2011-06-30,M1_KEEP,EW,3499482.937314704,1440000.0,2.430196484246322,0.13933555056581354,0.13859042934793275,0.8719222326582867,-0.3487251145928394,-0.3450933237118621,0.0,316.5655172413793,410,0.0,0.0,12.0,0.1401195499516954,1.1639182628331577,-0.20238370375855608,0.13725279123576706,0.7129571796434193,-0.3487251145928394
2011-06-30,M1_KEEP,v1_P3,2731015.988390647,1440000.0,1.8965388808268382,0.10160292671049326,0.1079093303790224,0.6477482056516535,-0.4389052475529992,-0.43175725218238936,0.0,42.44137931034483,82,0.0,0.0,12.0,0.13766388972060128,1.092587452452623,-0.21459966510136896,0.07911272162701977,0.4038331865334372,-0.4389052475529991
2011-06-30,M2_SWITCH,S1_FUNNEL,2798875.926747743,1440000.0,1.943663838019266,0.10536724787994768,0.11897491690766104,0.6208690561056182,-0.5153156901231879,-0.5089787600315865,0.7332963356236238,20.0,20,0.0,0.0,12.0,0.16102723535654606,1.2263179380142653,-0.22551518417112149,0.07862539635378285,0.36565347504351414,-0.5153156901231879
2011-06-30,M2_SWITCH,S2_WEIGHTED,3083118.781953757,1440000.0,2.1410547096901094,0.12013554545454856,0.1274097457941883,0.6205235397190344,-0.5734541514770786,-0.568057136261976,0.7409289778023366,20.0,20,0.0,0.0,12.0,0.16901339686922268,1.3093220304028492,-0.21474954587491635,0.08746785299909599,0.3860156828225047,-0.5734541514770786
2011-06-30,M2_SWITCH,SPY,3220776.1130027785,1440000.0,2.2366500784741516,0.1267730561348016,0.12733172289714645,0.8391603470573586,-0.33717276936381835,-0.3333509809651487,0.0,1.0,1,0.0,0.0,12.0,0.12922194536221587,1.1229627543122902,-0.18366790675207056,0.12544466450534197,0.6810897132316652,-0.33717276936381824
2011-06-30,M2_SWITCH,EW,3535387.7611191273,1440000.0,2.455130389666061,0.1408765882159187,0.1398312015757157,0.8840649755814824,-0.34843633076795866,-0.34483658648037063,0.02180991202512944,285.8137931034483,355,0.0,0.0,12.0,0.14111659179892233,1.1741743534374776,-0.20238370375855608,0.13873693811620957,0.7247829919000767,-0.34843633076795855
2011-06-30,M2_SWITCH,v1_P3,2946863.7360073403,1440000.0,2.046433150005097,0.11324679116655646,0.12287997142001705,0.5657261575385447,-0.5871470951577574,-0.5816066227642622,0.7258478939537092,10.86896551724138,28,0.0,0.0,12.0,0.18301170485842344,1.1684231956850089,-0.24366730159847516,0.06598225593997298,0.31429936103326556,-0.5871470951577575
2017-06-30,Y1_KEEP,S1_FUNNEL,832131.3706982598,600000.0,1.386885617830433,0.09424354214676366,0.07560185039767497,0.3651788021230843,-0.48176838005911393,-0.4817683800591144,0.0,55.0958904109589,86,0.0,0.0,5.9986310746064335,,,,0.07576315482416551,0.3651788021230843,-0.48176838005911393
2017-06-30,Y1_KEEP,S2_WEIGHTED,847612.2024447728,600000.0,1.4126870040746213,0.09960832704093944,0.07916805779223401,0.38008355655533704,-0.49110679105046995,-0.49110679105046984,0.0,55.273972602739725,87,0.0,0.0,5.9986310746064335,,,,0.07932908191639299,0.38008355655533704,-0.49110679105046995
2017-06-30,Y1_KEEP,SPY,918991.8893323903,600000.0,1.531653148887317,0.1232159187066321,0.12547501704640096,0.6810897132316698,-0.337172769363818,-0.3371727693638181,0.0,1.0,1,0.0,0.0,5.9986310746064335,,,,0.12544466450534264,0.6810897132316698,-0.337172769363818
2017-06-30,Y1_KEEP,EW,900868.2363816432,600000.0,1.5014470606360721,0.11738856956433483,0.11733612278684702,0.6141951168630236,-0.3672870648164279,-0.36728706481642737,0.0,346.7671232876712,390,0.0,0.0,5.9986310746064335,,,,0.11749398031502345,0.6141951168630236,-0.3672870648164279
2017-06-30,Y1_KEEP,v1_P3,827273.0421727116,600000.0,1.378788403621186,0.09254062711130857,0.05669180079238845,0.28743793297806924,-0.518867577583622,-0.5162741681997436,0.0,32.06849315068493,61,0.0,0.0,5.9986310746064335,,,,0.056854546249713867,0.28743793297806924,-0.518867577583622
2017-06-30,Y2_SWITCH,S1_FUNNEL,881931.1502287618,600000.0,1.4698852503812698,0.11118155111552996,0.0884563188200993,0.4038422304710212,-0.5068826709538238,-0.5068826709538233,0.5754290815565002,20.0,20,0.0,0.0,5.9986310746064335,,,,0.08861660029309482,0.4038422304710212,-0.5068826709538238
2017-06-30,Y2_SWITCH,S2_WEIGHTED,921148.3584564178,600000.0,1.5352472640940296,0.12390214182221729,0.09511443862961144,0.4139648023234946,-0.552090262964432,-0.5520902629644321,0.6118246819510731,20.0,20,0.0,0.0,5.9986310746064335,,,,0.0952741766109566,0.4139648023234946,-0.552090262964432
2017-06-30,Y2_SWITCH,SPY,918991.8893323903,600000.0,1.531653148887317,0.1232159187066321,0.12547501704640096,0.6810897132316693,-0.3371727693638181,-0.3371727693638181,0.0,1.0,1,0.0,0.0,5.9986310746064335,,,,0.12544466450534242,0.6810897132316693,-0.3371727693638181
2017-06-30,Y2_SWITCH,EW,922302.7966489154,600000.0,1.5371713277481924,0.12426888710620973,0.12273154083828297,0.6288735285313455,-0.37702905919992,-0.3770290591999199,0.05912648430954786,321.63013698630135,355,0.0,0.0,5.9986310746064335,,,,0.12288892650402117,0.6288735285313455,-0.37702905919992
2017-06-30,Y2_SWITCH,v1_P3,971815.898030691,600000.0,1.6196931633844849,0.13960907676438578,0.09793398288174293,0.40861467930214784,-0.5291356312650889,-0.5288689011922907,0.6401097051651164,13.205479452054794,28,0.0,0.0,5.9986310746064335,,,,0.0980934879214923,0.40861467930214784,-0.5291356312650889
2017-06-30,Y3_BUYHOLD,S1_FUNNEL,173896.0188237016,100000.0,1.738960188237016,0.09662315702949902,0.09662315702949842,0.4663129461208515,-0.43117219530150774,-0.43117219530150774,0.0,20.0,20,0.0,0.0,5.9986310746064335,,,,0.0967827705711497,0.4663129461208515,-0.43117219530150774
2017-06-30,Y3_BUYHOLD,S2_WEIGHTED,179310.29338709454,100000.0,1.7931029338709454,0.10224257649993401,0.10224257649993373,0.5076964515087168,-0.44253357929131065,-0.4425335792913109,0.0,20.0,20,0.0,0.0,5.9986310746064335,,,,0.10240172238831025,0.5076964515087168,-0.44253357929131065
2017-06-30,Y3_BUYHOLD,SPY,203209.90821035003,100000.0,2.0320990821035,0.12547501704640102,0.12547501704640052,0.6810897132316676,-0.337172769363818,-0.3371727693638181,0.0,1.0,1,0.0,0.0,5.9986310746064335,,,,0.12544466450534242,0.6810897132316676,-0.337172769363818
2017-06-30,Y3_BUYHOLD,EW,194591.60455167925,100000.0,1.9459160455167925,0.11737344659424179,0.11737344659424198,0.617030243146652,-0.36213433528092465,-0.36213433528092454,0.0,297.0,297,0.0,0.0,5.9986310746064335,,,,0.11753130087860542,0.617030243146652,-0.36213433528092465
2017-06-30,Y3_BUYHOLD,v1_P3,159501.73406539048,100000.0,1.5950173406539048,0.08094089291917704,0.08094089291917661,0.4034824441256578,-0.4773087808018416,-0.4773087808018409,0.0,8.0,8,0.0,0.0,5.9986310746064335,,,,0.08110177669824248,0.4034824441256578,-0.4773087808018416
2017-06-30,M1_KEEP,S1_FUNNEL,952177.9963497606,720000.0,1.3224694393746674,0.09211422883344296,0.07650092923703311,0.3687187500575932,-0.4856169731510458,-0.45153177243052955,0.0,55.0958904109589,86,0.0,0.0,5.9986310746064335,,,,0.07666216325027597,0.3687187500575932,-0.4856169731510458
2017-06-30,M1_KEEP,S2_WEIGHTED,969923.1431840092,720000.0,1.3471154766444573,0.09822095032678829,0.08048825340152899,0.3863526777711387,-0.4898895891527326,-0.4571305558942558,0.0,55.273972602739725,87,0.0,0.0,5.9986310746064335,,,,0.08064917307654795,0.3863526777711387,-0.4898895891527326
2017-06-30,M1_KEEP,SPY,1034182.1618065147,720000.0,1.4363641136201593,0.11946695665311202,0.12547501704640052,0.6810897132316681,-0.33717276936381835,-0.3183239094716608,0.0,1.0,1,0.0,0.0,5.9986310746064335,,,,0.1254446645053422,0.6810897132316681,-0.33717276936381835
2017-06-30,M1_KEEP,EW,1015797.2557545484,720000.0,1.4108295218813172,0.11352122031386312,0.11612359702393937,0.6067495999656605,-0.3698499952829243,-0.35122068877058177,0.0,346.7671232876712,390,0.0,0.0,5.9986310746064335,,,,0.11628155977799337,0.6067495999656605,-0.3698499952829243
2017-06-30,M1_KEEP,v1_P3,926355.9890204187,720000.0,1.2866055403061372,0.08302813107844847,0.05178502807777097,0.26981405459978863,-0.5134666866706159,-0.4797562441168205,0.0,32.06849315068493,61,0.0,0.0,5.9986310746064335,,,,0.05194813489314276,0.26981405459978863,-0.5134666866706159
2017-06-30,M2_SWITCH,S1_FUNNEL,947845.7369973043,720000.0,1.316452412496256,0.09060662185847367,0.07730985755448438,0.3609291608430184,-0.5203896016500122,-0.4884920737038896,0.6342634496375298,20.0,20,0.0,0.0,5.9986310746064335,,,,0.07747102806840034,0.3609291608430184,-0.5203896016500122
2017-06-30,M2_SWITCH,S2_WEIGHTED,1006777.4385530909,720000.0,1.398301997990404,0.11056621491242695,0.08766929196829021,0.38739288425396656,-0.5732201886710634,-0.5446102921193035,0.6769197871638023,20.0,20,0.0,0.0,5.9986310746064335,,,,0.08782963707206104,0.38739288425396656,-0.5732201886710634
2017-06-30,M2_SWITCH,SPY,1034182.1618065147,720000.0,1.4363641136201593,0.11946695665311202,0.12547501704640052,0.6810897132316681,-0.33717276936381835,-0.3183239094716608,0.0,1.0,1,0.0,0.0,5.9986310746064335,,,,0.1254446645053422,0.6810897132316681,-0.33717276936381835
2017-06-30,M2_SWITCH,EW,1024960.8291960466,720000.0,1.4235567072167314,0.1164975703630744,0.11906169839489644,0.6225255303804864,-0.3705002554908058,-0.3520181851281783,0.023185669869920024,321.63013698630135,355,0.0,0.0,5.9986310746064335,,,,0.1192194056560052,0.6225255303804864,-0.3705002554908058
2017-06-30,M2_SWITCH,v1_P3,969022.722480509,720000.0,1.3458648923340402,0.0979136967440249,0.06784892131516096,0.31981842772964436,-0.5787622931252443,-0.548787690105072,0.6115521989967827,13.205479452054794,28,0.0,0.0,5.9986310746064335,,,,0.06801082579970363,0.31981842772964436,-0.5787622931252443
