start,strategy,multiple,cagr,maxdd,cash_end,n_end,years
2011-06-30,S1_FUNNEL,5.755928743499906,0.15702555367695825,-0.33000600612033804,0.0,20,12.0
2011-06-30,S2_WEIGHTED,4.328662739025024,0.12987260583738286,-0.35085692123183054,0.0,20,12.0
2011-06-30,SPY,4.213284034272908,0.1273317228971431,-0.33717276936381824,0.0,1,12.0
2011-06-30,EW,4.983338815181908,0.1432118073737474,-0.33421472788954165,0.0,169,12.0
2011-06-30,v1_P3,4.733425518447331,0.13832068834388878,-0.3593720656934264,0.0,12,12.0
2012-06-29,S1_FUNNEL,3.393171952741524,0.11746491332545755,-0.4066529912997535,0.0,20,11.000684462696784
2012-06-29,S2_WEIGHTED,3.705195963861265,0.12643695539869396,-0.4044418065279769,0.0,20,11.000684462696784
2012-06-29,SPY,4.000436752555604,0.13431488570677264,-0.3371727693638178,0.0,1,11.000684462696784
2012-06-29,EW,4.771515236231191,0.15263602715652577,-0.3330162752004703,0.0,238,11.000684462696784
2012-06-29,v1_P3,4.174882755773731,0.13872458464499152,-0.42161360541570503,0.0,8,11.000684462696784
2013-06-28,S1_FUNNEL,2.818366237534411,0.10912698034219429,-0.370196354272313,0.0,20,10.004106776180699
2013-06-28,S2_WEIGHTED,9.07117910439668,0.24659982396082766,-0.4532715702731036,0.0,20,10.004106776180699
2013-06-28,SPY,3.319757109110406,0.12742909714280012,-0.33717276936381835,0.0,1,10.004106776180699
2013-06-28,EW,3.8832883535454292,0.14523807117377321,-0.344627131828806,0.0,259,10.004106776180699
2013-06-28,v1_P3,2.231988350671917,0.08356477471178646,-0.4926422004504777,0.0,5,10.004106776180699
2014-06-30,S1_FUNNEL,1.7931838101427933,0.06704485889836466,-0.40206868745849356,0.0,20,8.999315537303216
2014-06-30,S2_WEIGHTED,1.8501054388139275,0.07075658958569295,-0.38702349219876153,0.0,20,8.999315537303216
2014-06-30,SPY,2.6685648621383606,0.11523861473025526,-0.3371727693638181,0.0,1,8.999315537303216
2014-06-30,EW,2.944781847725585,0.12751149451328347,-0.3463362963008869,0.0,266,8.999315537303216
2014-06-30,v1_P3,1.670051619606654,0.05864328800327937,-0.3990693689827317,0.0,12,8.999315537303216
2015-06-30,S1_FUNNEL,7.467148667195065,0.2857139314203884,-0.4973362279609327,0.0,20,8.0
2015-06-30,S2_WEIGHTED,6.3770652298785055,0.26060088422211214,-0.480723344232278,0.0,20,8.0
2015-06-30,SPY,2.488311698960839,0.12069671178080545,-0.337172769363818,0.0,1,8.0
2015-06-30,EW,2.681509014925626,0.13122086688038404,-0.3560305798721036,0.0,275,8.0
2015-06-30,v1_P3,2.114755349614564,0.09813950800080863,-0.46087895655834543,0.0,11,8.0
2016-06-30,S1_FUNNEL,1.8633803626149412,0.09301427154690765,-0.38816156829748516,0.0,20,6.997946611909651
2016-06-30,S2_WEIGHTED,1.6280091806276162,0.07212535051673531,-0.4539057884721023,0.0,20,6.997946611909651
2016-06-30,SPY,2.3933004450099284,0.13281332036307586,-0.3371727693638181,0.0,1,6.997946611909651
2016-06-30,EW,2.3605901023381755,0.13058778997242437,-0.3685873711197183,0.0,290,6.997946611909651
2016-06-30,v1_P3,0.6526848653886934,-0.05914800489634472,-0.666755080164678,0.0,3,6.997946611909651
2017-06-30,S1_FUNNEL,1.738960188237016,0.09662315702949902,-0.43117219530150774,0.0,20,5.9986310746064335
2017-06-30,S2_WEIGHTED,1.7931029338709454,0.10224257649993401,-0.44253357929131065,0.0,20,5.9986310746064335
2017-06-30,SPY,2.0320990821035,0.12547501704640102,-0.337172769363818,0.0,1,5.9986310746064335
2017-06-30,EW,1.9459160455167925,0.11737344659424179,-0.36213433528092465,0.0,297,5.9986310746064335
2017-06-30,v1_P3,1.5950173406539048,0.08094089291917704,-0.4773087808018416,0.0,8,5.9986310746064335
2018-06-29,S1_FUNNEL,1.2565085706746586,0.04670656812500465,-0.5281641404531602,0.0,20,5.002053388090349
2018-06-29,S2_WEIGHTED,1.16790472222712,0.03151595213750851,-0.5000094100466472,0.0,20,5.002053388090349
2018-06-29,SPY,1.778023864276418,0.12193319238212151,-0.337172769363818,0.0,1,5.002053388090349
2018-06-29,EW,1.6807570958901101,0.10938547727908077,-0.3646376415424162,0.0,306,5.002053388090349
2018-06-29,v1_P3,0.9782857314519279,-0.004379278982462284,-0.5607561228759848,0.0,7,5.002053388090349
2019-06-28,S1_FUNNEL,1.445253443571617,0.09630486204514865,-0.506882670953823,0.0,20,4.005475701574264
2019-06-28,S2_WEIGHTED,1.4415045257273156,0.09559420146144011,-0.552090262964432,0.0,20,4.005475701574264
2019-06-28,SPY,1.6142896676715777,0.1270009607875658,-0.3371727693638179,0.0,1,4.005475701574264
2019-06-28,EW,1.5372773969309566,0.11333082932654057,-0.37702905919992025,0.0,306,4.005475701574264
2019-06-28,v1_P3,1.332852729973455,0.07436758207130789,-0.5288689011922908,0.0,19,4.005475701574264
2020-06-30,S1_FUNNEL,1.7766659864439698,0.21132008112824396,-0.2581928671927939,0.0,20,2.9979466119096507
2020-06-30,S2_WEIGHTED,1.954492886213982,0.2504830542630253,-0.27516109868446115,0.0,20,2.9979466119096507
2020-06-30,SPY,1.5038586848905504,0.14580171417290375,-0.24496395660090553,0.0,1,2.9979466119096507
2020-06-30,EW,1.6004457037860649,0.16984128854861144,-0.2164734013350197,0.0,319,2.9979466119096507
2020-06-30,v1_P3,2.2411069346784718,0.30888314180128157,-0.2787079210468768,0.0,7,2.9979466119096507
2021-06-30,S1_FUNNEL,1.0630553446308442,0.031067344086338017,-0.21623229943524724,0.0,20,1.998631074606434
2021-06-30,S2_WEIGHTED,1.0630553446308444,0.031067344086338187,-0.21623229943524735,0.0,20,1.998631074606434
2021-06-30,SPY,1.067429903640542,0.03318808202000727,-0.24496395660090575,0.0,1,1.998631074606434
2021-06-30,EW,1.0594405137066203,0.029311621386355163,-0.20279506005893322,0.0,344,1.998631074606434
2021-06-30,v1_P3,1.0561854670800834,0.02772808291793932,-0.22101730231969574,0.0,9,1.998631074606434
2022-06-30,S1_FUNNEL,1.040870173424493,0.040898731493167424,-0.19924852964648454,0.0,20,0.999315537303217
2022-06-30,S2_WEIGHTED,1.0560616117775194,0.05610106764797107,-0.20262020926432667,0.0,20,0.999315537303217
2022-06-30,SPY,1.194217690741314,0.19436287989066975,-0.1668032143535806,0.0,1,0.999315537303217
2022-06-30,EW,1.1848456079858878,0.18498326296753148,-0.16528543848914412,0.0,355,0.999315537303217
2022-06-30,v1_P3,1.0692822178892725,0.06933127973316075,-0.1884322480682994,0.0,28,0.999315537303217
