R,ticker,name,sic_group,BM,F,bm_rank,pBM,pF,score,rank,n_universe
2011-06-30,COP,CONOCOPHILLIPS,Petroleum refining,0.6378143537958538,9.0,21,88.16568047337277,97.33727810650888,91.8343,1,169
2011-06-30,MSI,"Motorola Solutions, Inc.",Electronics & semis,0.7021613613373511,8.0,15,91.71597633136095,88.16568047337277,90.2959,2,169
2011-06-30,DUK,Duke Energy CORP,Utilities,0.8998797748772188,7.875,6,97.0414201183432,76.33136094674556,88.7574,3,169
2011-06-30,DVN,DEVON ENERGY CORP/DE,Oil & gas extraction,0.5721227556277496,9.0,31,82.24852071005917,97.33727810650888,88.284,4,169
2011-06-30,TMO,THERMO FISHER SCIENTIFIC INC.,Instruments & medical devices,0.6107465585137503,8.0,23,86.98224852071006,88.16568047337277,87.4556,5,169
2011-06-30,NOC,NORTHROP GRUMMAN CORP /DE/,Instruments & medical devices,0.6062970376870984,8.0,24,86.3905325443787,88.16568047337277,87.1006,6,169
2011-06-30,LOW,LOWES COMPANIES INC,Retail,0.58939054712423,8.0,28,84.02366863905326,88.16568047337277,85.6805,7,169
2011-06-30,TT,Trane Technologies plc,Instruments & medical devices,0.5321549982502128,8.0,36,79.28994082840237,88.16568047337277,82.8402,8,169
2011-06-30,XRX,XEROX CORP,Machinery & computers,0.8241245999214101,7.0,8,95.85798816568047,62.721893491124256,82.6036,9,169
2011-06-30,GE,GENERAL ELECTRIC CO,Electronics & semis,0.5938939780425313,7.875,27,84.61538461538461,76.33136094674556,81.3018,10,169
2011-06-30,CVS,CVS HEALTH Corp,Retail,0.7332350556187466,7.0,14,92.3076923076923,62.721893491124256,80.4734,11,169
2011-06-30,INTC,INTEL CORP,Electronics & semis,0.40644965073420686,9.0,55,68.04733727810651,97.33727810650888,79.7633,12,169
2011-06-30,GLW,CORNING INC /NY,Other manufacturing,0.6817961969339975,7.0,17,90.53254437869822,62.721893491124256,79.4083,13,169
2011-06-30,EIX,EDISON INTERNATIONAL,Utilities,0.9104025563771114,6.75,5,97.63313609467455,50.591715976331365,78.8166,14,169
2011-06-30,RSG,"REPUBLIC SERVICES, INC.",Utilities,0.6622484592423565,7.0,19,89.3491124260355,62.721893491124256,78.6982,15,169
2011-06-30,CVX,CHEVRON CORP,Petroleum refining,0.5089996664892898,7.875,39,77.51479289940828,76.33136094674556,77.0414,16,169
2011-06-30,NRG,"NRG ENERGY, INC.",Utilities,1.326660842322789,6.0,1,100.0,38.75739644970414,75.503,17,169
2011-06-30,DOV,DOVER Corp,Machinery & computers,0.35722055404155084,9.0,67,60.946745562130175,97.33727810650888,75.503,18,169
2011-06-30,TGT,TARGET CORP,Retail,0.47635303008098906,7.875,46,73.37278106508876,76.33136094674556,74.5562,19,169
2011-06-30,CMCSA,COMCAST CORP,Communications,0.6233458477363789,6.75,22,87.57396449704143,50.591715976331365,72.7811,20,169
2012-06-29,BSX,BOSTON SCIENTIFIC CORP,Instruments & medical devices,1.3796106585959396,8.0,3,99.15966386554622,94.9579831932773,97.479,1,238
2012-06-29,XRX,XEROX CORP,Machinery & computers,1.1329970372009353,7.0,7,97.47899159663865,77.31092436974791,89.4118,2,238
2012-06-29,COP,CONOCOPHILLIPS,Petroleum refining,0.6953135925309438,7.875,32,86.97478991596638,87.60504201680672,87.2269,3,238
2012-06-29,RSG,"REPUBLIC SERVICES, INC.",Utilities,0.7844336627685757,7.0,21,91.59663865546219,77.31092436974791,85.8824,4,238
2012-06-29,ATI,ATI INC,Other manufacturing,0.7274590741100472,7.0,28,88.65546218487394,77.31092436974791,84.1176,5,238
2012-06-29,R,RYDER SYSTEM INC,Services (other),0.7153707149982023,7.0,30,87.81512605042016,77.31092436974791,83.6134,6,238
2012-06-29,DVN,DEVON ENERGY CORP/DE,Oil & gas extraction,0.9144926078538459,6.75,14,94.53781512605042,63.02521008403361,81.9328,7,238
2012-06-29,CVX,CHEVRON CORP,Petroleum refining,0.5819725659999866,7.875,53,78.15126050420169,87.60504201680672,81.9328,8,238
2012-06-29,MUR,MURPHY OIL CORP,Oil & gas extraction,0.9003407928839814,6.75,15,94.11764705882352,63.02521008403361,81.6807,9,238
2012-06-29,FIS,"Fidelity National Information Services, Inc.",Business services & software,0.6590595428116452,7.0,38,84.45378151260505,77.31092436974791,81.5966,10,238
2012-06-29,IP,INTERNATIONAL PAPER CO /NEW/,Other manufacturing,0.5238943341172508,8.0,67,72.26890756302521,94.9579831932773,81.3445,11,238
2012-06-29,OXY,OCCIDENTAL PETROLEUM CORP /DE/,Oil & gas extraction,0.5407950871660916,7.875,61,74.78991596638656,87.60504201680672,79.916,12,238
2012-06-29,AEP,AMERICAN ELECTRIC POWER CO INC,Utilities,0.7602428583035403,6.75,23,90.75630252100841,63.02521008403361,79.6639,13,238
2012-06-29,GE,GENERAL ELECTRIC CO,Electronics & semis,0.5280314009490108,7.875,63,73.94957983193278,87.60504201680672,79.4118,14,238
2012-06-29,ETR,ENTERGY CORP /DE/,Utilities,0.7473479577824165,6.75,24,90.33613445378151,63.02521008403361,79.4118,15,238
2012-06-29,NUE,NUCOR CORP,Other manufacturing,0.6223856643994843,7.0,47,80.67226890756302,77.31092436974791,79.3277,16,238
2012-06-29,DOV,DOVER Corp,Machinery & computers,0.5007755997179255,8.0,75,68.90756302521008,94.9579831932773,79.3277,17,238
2012-06-29,FDX,FEDEX CORP,Transportation,0.5240532188908662,7.875,66,72.68907563025209,87.60504201680672,78.6555,18,238
2012-06-29,AMAT,APPLIED MATERIALS INC /DE,Electronics & semis,0.5886466962040361,7.0,51,78.99159663865547,77.31092436974791,78.3193,19,238
2012-06-29,GEN,Gen Digital Inc.,Business services & software,0.4837562569971484,8.0,80,66.80672268907563,94.9579831932773,78.0672,20,238
2013-06-28,XRX,XEROX CORP,Machinery & computers,1.0379091978504595,7.0,5,98.45559845559846,79.34362934362935,90.8108,1,259
2013-06-28,HP,"Helmerich & Payne, Inc.",Oil & gas extraction,0.5808206278106036,9.0,40,84.94208494208493,98.84169884169884,90.5019,2,259
2013-06-28,EXC,EXELON CORP,Utilities,1.0461885900677226,6.75,4,98.84169884169884,70.27027027027027,87.4131,3,259
2013-06-28,CF,"CF Industries Holdings, Inc.",Chemicals (other),0.5462354887441213,8.0,46,82.62548262548263,92.85714285714286,86.7181,4,259
2013-06-28,FIS,"Fidelity National Information Services, Inc.",Business services & software,0.5263903873084371,8.0,54,79.53667953667953,92.85714285714286,84.8649,5,259
2013-06-28,MUR,MURPHY OIL CORP,Oil & gas extraction,0.7702233365925865,6.75,16,94.20849420849422,70.27027027027027,84.6332,6,259
2013-06-28,LUV,SOUTHWEST AIRLINES CO,Transportation,0.745005536482733,6.75,17,93.82239382239382,70.27027027027027,84.4015,7,259
2013-06-28,GHC,Graham Holdings Co,Services (professional),0.7263006980504816,6.75,19,93.05019305019306,70.27027027027027,83.9382,8,259
2013-06-28,VMC,Vulcan Materials CO,Mining (other),0.5982184813045627,7.0,36,86.48648648648648,79.34362934362935,83.6293,9,259
2013-06-28,NBR,NABORS INDUSTRIES LTD,Oil & gas extraction,1.3342078081415534,6.0,2,99.61389961389962,59.26640926640927,83.4749,10,259
2013-06-28,NRG,"NRG ENERGY, INC.",Utilities,1.2207178925284623,6.0,3,99.22779922779922,59.26640926640927,83.2432,11,259
2013-06-28,PWR,"QUANTA SERVICES, INC.",Construction,0.6802138823264687,6.75,24,91.11969111969111,70.27027027027027,82.7799,12,259
2013-06-28,ANF,ABERCROMBIE & FITCH CO /DE/,Retail,0.5140624794412163,7.875,59,77.60617760617761,86.87258687258688,81.3127,13,259
2013-06-28,NOC,NORTHROP GRUMMAN CORP /DE/,Instruments & medical devices,0.4845657356851935,8.0,70,73.35907335907336,92.85714285714286,81.1583,14,259
2013-06-28,CVS,CVS HEALTH Corp,Retail,0.5355705384730131,7.0,50,81.08108108108108,79.34362934362935,80.3861,15,259
2013-06-28,SJM,J M SMUCKER Co,Food & beverage mfg,0.47098737567629634,8.0,74,71.81467181467181,92.85714285714286,80.2317,16,259
2013-06-28,MPC,Marathon Petroleum Corp,Petroleum refining,0.49652479408515143,7.875,66,74.9034749034749,86.87258687258688,79.6911,17,259
2013-06-28,ABT,ABBOTT LABORATORIES,Chemicals & pharma,0.48774035646614594,7.875,68,74.13127413127413,86.87258687258688,79.2278,18,259
2013-06-28,RVTY,"REVVITY, INC.",Instruments & medical devices,0.5247910798513027,7.0,55,79.15057915057915,79.34362934362935,79.2278,19,259
2013-06-28,NVDA,NVIDIA CORP,Electronics & semis,0.5582216683502821,6.75,42,84.16988416988417,70.27027027027027,78.61,20,259
2014-06-30,GLW,CORNING INC /NY,Other manufacturing,0.692538643515759,8.0,9,96.99248120300751,94.54887218045113,96.015,1,266
2014-06-30,RIG,Transocean Ltd.,Oil & gas extraction,1.0267010453274588,7.875,1,100.0,87.40601503759399,94.9624,2,266
2014-06-30,RSG,"REPUBLIC SERVICES, INC.",Utilities,0.5772131961428641,8.0,25,90.97744360902256,94.54887218045113,92.406,3,266
2014-06-30,GHC,Graham Holdings Co,Services (professional),0.6349115197847579,7.875,17,93.98496240601504,87.40601503759399,91.3534,4,266
2014-06-30,VMC,Vulcan Materials CO,Mining (other),0.47313288039831597,8.0,45,83.45864661654136,94.54887218045113,87.8947,5,266
2014-06-30,OXY,OCCIDENTAL PETROLEUM CORP /DE/,Oil & gas extraction,0.52873179774159,7.875,34,87.59398496240601,87.40601503759399,87.5188,6,266
2014-06-30,GE,GENERAL ELECTRIC CO,Electronics & semis,0.4951859443988173,7.875,39,85.71428571428571,87.40601503759399,86.391,7,266
2014-06-30,WHR,WHIRLPOOL CORP /DE/,Electronics & semis,0.45659761315440944,8.0,52,80.82706766917293,94.54887218045113,86.3158,8,266
2014-06-30,CVS,CVS HEALTH Corp,Retail,0.42569789805214364,8.0,60,77.81954887218046,94.54887218045113,84.5113,9,266
2014-06-30,HPQ,HP INC,Machinery & computers,0.42417193384520674,8.0,61,77.44360902255639,94.54887218045113,84.2857,10,266
2014-06-30,EXC,EXELON CORP,Utilities,0.7267571281819621,6.75,7,97.74436090225564,63.1578947368421,83.9098,11,266
2014-06-30,WEC,"WEC ENERGY GROUP, INC.",Utilities,0.39928689437371834,9.0,72,73.30827067669173,99.43609022556392,83.7594,12,266
2014-06-30,KSS,KOHLS Corp,Retail,0.5441069684280109,7.0,33,87.96992481203007,75.75187969924812,83.0827,13,266
2014-06-30,AEE,AMEREN CORP,Utilities,0.6597502040586845,6.75,11,96.2406015037594,63.1578947368421,83.0075,14,266
2014-06-30,PNW,PINNACLE WEST CAPITAL CORP,Utilities,0.6580962507386792,6.75,12,95.86466165413535,63.1578947368421,82.782,15,266
2014-06-30,T,AT&T INC.,Communications,0.49686202726868783,7.0,37,86.46616541353383,75.75187969924812,82.1805,16,266
2014-06-30,SRE,SEMPRA,Utilities,0.4289384604635322,7.875,58,78.57142857142857,87.40601503759399,82.1053,17,266
2014-06-30,EIX,EDISON INTERNATIONAL,Utilities,0.6174968735964157,6.75,19,93.23308270676691,63.1578947368421,81.203,18,266
2014-06-30,GD,GENERAL DYNAMICS CORP,Transport equipment,0.363531209570461,9.0,87,67.66917293233082,99.43609022556392,80.3759,19,266
2014-06-30,VZ,VERIZON COMMUNICATIONS INC,Communications,0.4708970787112673,7.0,47,82.70676691729322,75.75187969924812,79.9248,20,266
2015-06-30,EIX,EDISON INTERNATIONAL,Utilities,0.7168974417805217,9.0,21,92.72727272727272,98.72727272727273,95.1273,1,275
2015-06-30,MLM,MARTIN MARIETTA MATERIALS INC,Mining (other),0.6661375643851201,8.0,26,90.9090909090909,92.72727272727272,91.6364,2,275
2015-06-30,LUMN,"Lumen Technologies, Inc.",Communications,0.902646926995088,7.0,9,97.0909090909091,76.54545454545455,88.8727,3,275
2015-06-30,GLW,CORNING INC /NY,Other manufacturing,0.8602849924418595,7.0,13,95.63636363636364,76.54545454545455,88.0,4,275
2015-06-30,GME,GameStop Corp.,Retail,0.4466121850464745,9.0,56,80.0,98.72727272727273,87.4909,5,275
2015-06-30,PEG,PUBLIC SERVICE ENTERPRISE GROUP INC,Utilities,0.6128439731900096,7.875,34,88.0,86.18181818181819,87.2727,6,275
2015-06-30,HPQ,HP INC,Machinery & computers,0.48565788931251946,8.0,46,83.63636363636363,92.72727272727272,87.2727,7,275
2015-06-30,HAL,HALLIBURTON CO,Oil & gas extraction,0.44450983877489836,8.0,57,79.63636363636364,92.72727272727272,84.8727,8,275
2015-06-30,MUR,MURPHY OIL CORP,Oil & gas extraction,1.161910501518137,6.75,3,99.27272727272727,63.272727272727266,84.8727,9,275
2015-06-30,NVDA,NVIDIA CORP,Electronics & semis,0.3995539161404092,9.0,70,74.90909090909092,98.72727272727273,84.4364,10,275
2015-06-30,NEM,NEWMONT Corp /DE/,Mining (metals/coal),0.881638567023196,6.75,11,96.36363636363636,63.272727272727266,83.1273,11,275
2015-06-30,AES,AES CORP,Utilities,0.4585201186560487,7.875,55,80.36363636363636,86.18181818181819,82.6909,12,275
2015-06-30,NUE,NUCOR CORP,Other manufacturing,0.5527916508884024,7.0,39,86.18181818181819,76.54545454545455,82.3273,13,275
2015-06-30,EXC,EXELON CORP,Utilities,0.8368385097077439,6.75,16,94.54545454545455,63.272727272727266,82.0364,14,275
2015-06-30,MU,MICRON TECHNOLOGY INC,Electronics & semis,0.5325877807951102,7.0,41,85.45454545454545,76.54545454545455,81.8909,15,275
2015-06-30,AEE,AMEREN CORP,Utilities,0.7342647226336252,6.75,20,93.0909090909091,63.272727272727266,81.1636,16,275
2015-06-30,WDC,WESTERN DIGITAL CORP,Machinery & computers,0.4818225128845529,7.0,47,83.27272727272728,76.54545454545455,80.5818,17,275
2015-06-30,WMT,Walmart Inc.,Retail,0.3557047238198942,9.0,88,68.36363636363636,98.72727272727273,80.5091,18,275
2015-06-30,ES,EVERSOURCE ENERGY,Utilities,0.6926312551005597,6.75,23,92.0,63.272727272727266,80.5091,19,275
2015-06-30,RRC,RANGE RESOURCES CORP,Oil & gas extraction,0.4145230135205639,7.875,65,76.72727272727272,86.18181818181819,80.5091,20,275
2016-06-30,LUMN,"Lumen Technologies, Inc.",Communications,0.8911609958316875,8.0,10,96.89655172413794,95.51724137931035,96.3448,1,290
2016-06-30,WDC,WESTERN DIGITAL CORP,Machinery & computers,0.8466463144631806,7.0,12,96.20689655172414,83.79310344827586,91.2414,2,290
2016-06-30,RIG,Transocean Ltd.,Oil & gas extraction,3.3487975705113424,6.75,1,100.0,73.44827586206897,89.3793,3,290
2016-06-30,GM,General Motors Co,Transport equipment,0.9121890830909208,6.75,9,97.24137931034483,73.44827586206897,87.7241,4,290
2016-06-30,PVH,PVH CORP. /DE/,Other manufacturing,0.594397214499163,7.0,30,90.0,83.79310344827586,87.5172,5,290
2016-06-30,J,JACOBS SOLUTIONS INC.,Construction,0.7030332670619681,6.75,24,92.06896551724138,73.44827586206897,84.6207,6,290
2016-06-30,DUK,Duke Energy CORP,Utilities,0.6727011410047813,6.75,26,91.37931034482759,73.44827586206897,84.2069,7,290
2016-06-30,CSCO,"CISCO SYSTEMS, INC.",Machinery & computers,0.4111191633477007,8.0,69,76.55172413793103,95.51724137931035,84.1379,8,290
2016-06-30,MPC,Marathon Petroleum Corp,Petroleum refining,0.6589022810104033,6.75,27,91.0344827586207,73.44827586206897,84.0,9,290
2016-06-30,MOS,MOSAIC CO,Chemicals (other),1.0155846168399056,6.0,6,98.27586206896551,60.17241379310345,83.0345,10,290
2016-06-30,RSG,"REPUBLIC SERVICES, INC.",Utilities,0.4393322324770922,7.0,57,80.6896551724138,83.79310344827586,81.931,11,290
2016-06-30,NEM,NEWMONT Corp /DE/,Mining (metals/coal),0.5482880506659074,6.75,38,87.24137931034483,73.44827586206897,81.7241,12,290
2016-06-30,ES,EVERSOURCE ENERGY,Utilities,0.5448604096302467,6.75,39,86.89655172413792,73.44827586206897,81.5172,13,290
2016-06-30,RVTY,"REVVITY, INC.",Instruments & medical devices,0.3667051529838656,8.0,93,68.27586206896552,95.51724137931035,79.1724,14,290
2016-06-30,DGX,QUEST DIAGNOSTICS INC,Health services,0.40302954152901954,7.0,72,75.51724137931033,83.79310344827586,78.8276,15,290
2016-06-30,SJM,J M SMUCKER Co,Food & beverage mfg,0.3949666056809701,7.0,74,74.82758620689656,83.79310344827586,78.4138,16,290
2016-06-30,R,RYDER SYSTEM INC,Services (other),0.6075662904499797,6.0,29,90.3448275862069,60.17241379310345,78.2759,17,290
2016-06-30,GT,GOODYEAR TIRE & RUBBER CO /OH/,Other manufacturing,0.5720698334993288,6.0,31,89.65517241379311,60.17241379310345,77.8621,18,290
2016-06-30,RCL,ROYAL CARIBBEAN CRUISES LTD,Transportation,0.5523008765529457,6.0,35,88.27586206896552,60.17241379310345,77.0345,19,290
2016-06-30,URBN,URBAN OUTFITTERS INC,Retail,0.35224258394341296,7.875,100,65.86206896551724,91.37931034482759,76.069,20,290
2017-06-30,PWR,"QUANTA SERVICES, INC.",Construction,0.6989490059164286,8.0,19,93.93939393939394,94.27609427609428,94.0741,1,297
2017-06-30,CHTR,"CHARTER COMMUNICATIONS, INC. /MO/",Communications,0.5769360923989546,7.875,33,89.22558922558923,88.21548821548821,88.8215,2,297
2017-06-30,GT,GOODYEAR TIRE & RUBBER CO /OH/,Other manufacturing,0.5122897778939731,8.0,47,84.51178451178451,94.27609427609428,88.4175,3,297
2017-06-30,EIX,EDISON INTERNATIONAL,Utilities,0.5568950076517046,7.875,35,88.55218855218855,88.21548821548821,88.4175,4,297
2017-06-30,CCL,Carnival Corp Ltd.,Transportation,0.6431525564431736,7.0,24,92.25589225589226,76.0942760942761,85.7912,5,297
2017-06-30,GLW,CORNING INC /NY,Other manufacturing,0.6415743044913276,7.0,25,91.91919191919192,76.0942760942761,85.5892,6,297
2017-06-30,M,"Macy's, Inc.",Retail,0.611372903283692,7.0,28,90.9090909090909,76.0942760942761,84.9832,7,297
2017-06-30,NWSA,NEWS CORP,Other manufacturing,1.4538195022261056,6.75,2,99.66329966329967,62.2895622895623,84.7138,8,297
2017-06-30,DTE,DTE ENERGY CO,Utilities,0.4747074610139332,7.875,55,81.81818181818183,88.21548821548821,84.3771,9,297
2017-06-30,MDT,Medtronic plc,Instruments & medical devices,0.4169844276591447,8.0,67,77.77777777777779,94.27609427609428,84.3771,10,297
2017-06-30,GRMN,GARMIN LTD,Instruments & medical devices,0.33815196496629496,9.0,93,69.02356902356902,99.4949494949495,81.2121,11,297
2017-06-30,HPE,Hewlett Packard Enterprise Co,Machinery & computers,0.8530291792028163,6.0,8,97.64309764309765,51.68350168350169,79.2593,12,297
2017-06-30,WEC,"WEC ENERGY GROUP, INC.",Utilities,0.4625631025388932,7.0,58,80.8080808080808,76.0942760942761,78.9226,13,297
2017-06-30,WHR,WHIRLPOOL CORP /DE/,Electronics & semis,0.33448923421592947,8.0,94,68.68686868686868,94.27609427609428,78.9226,14,297
2017-06-30,KMI,"KINDER MORGAN, INC.",Utilities,0.8049604546355354,6.0,11,96.63299663299664,51.68350168350169,78.6532,15,297
2017-06-30,ES,EVERSOURCE ENERGY,Utilities,0.5567968424785013,6.75,36,88.21548821548821,62.2895622895623,77.8451,16,297
2017-06-30,NUE,NUCOR CORP,Other manufacturing,0.4270524081075092,7.0,64,78.78787878787878,76.0942760942761,77.7104,17,297
2017-06-30,SNPS,SYNOPSYS INC,Business services & software,0.29187729948271857,9.0,115,61.61616161616161,99.4949494949495,76.7677,18,297
2017-06-30,RCL,ROYAL CARIBBEAN CRUISES LTD,Transportation,0.3887568824685983,7.0,72,76.0942760942761,76.0942760942761,76.0943,19,297
2017-06-30,RIG,Transocean Ltd.,Oil & gas extraction,4.9282848394977,5.625,1,100.0,38.552188552188554,75.4209,20,297
2018-06-29,PRGO,PERRIGO Co plc,Chemicals & pharma,0.6009342565260207,9.0,31,90.19607843137256,98.52941176470588,93.5294,1,306
2018-06-29,CVX,CHEVRON CORP,Petroleum refining,0.6133160695238221,7.875,29,90.84967320261438,86.43790849673204,89.085,2,306
2018-06-29,NCLH,Norwegian Cruise Line Holdings Ltd.,Transportation,0.5321731605130833,7.875,40,87.25490196078431,86.43790849673204,86.9281,3,306
2018-06-29,RCL,ROYAL CARIBBEAN CRUISES LTD,Transportation,0.4832962034135256,8.0,55,82.35294117647058,92.97385620915033,86.6013,4,306
2018-06-29,DTE,DTE ENERGY CO,Utilities,0.5116793333409487,7.875,45,85.62091503267973,86.43790849673204,85.9477,5,306
2018-06-29,BWA,BORGWARNER INC,Transport equipment,0.40900845740147046,9.0,75,75.81699346405229,98.52941176470588,84.902,6,306
2018-06-29,KSS,KOHLS Corp,Retail,0.44241617568926367,8.0,65,79.08496732026144,92.97385620915033,84.6405,7,306
2018-06-29,MDT,Medtronic plc,Instruments & medical devices,0.4383000378138346,8.0,69,77.77777777777779,92.97385620915033,83.8562,8,306
2018-06-29,CVS,CVS HEALTH Corp,Retail,0.5773289053147234,7.0,34,89.2156862745098,75.65359477124183,83.7908,9,306
2018-06-29,MGM,MGM Resorts International,Services (hotels/personal),0.46301031207491056,7.875,60,80.71895424836602,86.43790849673204,83.0065,10,306
2018-06-29,PSX,Phillips 66,Petroleum refining,0.4456072743018803,7.875,61,80.3921568627451,86.43790849673204,82.8105,11,306
2018-06-29,EXC,EXELON CORP,Utilities,0.7262665163306317,6.75,18,94.44444444444444,63.725490196078425,82.1569,12,306
2018-06-29,T,AT&T INC.,Communications,0.720044991442061,6.75,19,94.11764705882352,63.725490196078425,81.9608,13,306
2018-06-29,EIX,EDISON INTERNATIONAL,Utilities,0.6726472032940292,6.75,21,93.4640522875817,63.725490196078425,81.5686,14,306
2018-06-29,WMB,"WILLIAMS COMPANIES, INC.",Utilities,0.430517049769139,7.875,70,77.45098039215686,86.43790849673204,81.0458,15,306
2018-06-29,DD,"DuPont de Nemours, Inc.",Chemicals & pharma,0.6534912072055573,6.75,25,92.15686274509804,63.725490196078425,80.7843,16,306
2018-06-29,PVH,PVH CORP. /DE/,Other manufacturing,0.48028962389668983,7.0,56,82.02614379084967,75.65359477124183,79.4771,17,306
2018-06-29,J,JACOBS SOLUTIONS INC.,Construction,0.5789910896471944,6.75,33,89.54248366013073,63.725490196078425,79.2157,18,306
2018-06-29,FBIN,"Fortune Brands Innovations, Inc.",Other manufacturing,0.3186357392338735,9.0,106,65.68627450980392,98.52941176470588,78.8235,19,306
2018-06-29,RL,RALPH LAUREN CORP,Other manufacturing,0.33660703979639756,8.0,97,68.62745098039215,92.97385620915033,78.366,20,306
2019-06-28,PVH,PVH CORP. /DE/,Other manufacturing,0.8194485260251176,9.0,16,95.09803921568627,99.34640522875817,96.7974,1,306
2019-06-28,CCL,Carnival Corp Ltd.,Transportation,0.9969079267459373,8.0,7,98.0392156862745,93.95424836601308,96.4052,2,306
2019-06-28,MU,MICRON TECHNOLOGY INC,Electronics & semis,0.7377958612564625,9.0,22,93.13725490196079,99.34640522875817,95.6209,3,306
2019-06-28,WDC,WESTERN DIGITAL CORP,Machinery & computers,0.8323217996849859,8.0,14,95.75163398692811,93.95424836601308,95.0327,4,306
2019-06-28,KMI,"KINDER MORGAN, INC.",Utilities,0.7125335301653714,8.0,25,92.15686274509804,93.95424836601308,92.8758,5,306
2019-06-28,XOM,EXXON MOBIL CORP,Petroleum refining,0.5910211914353991,9.0,37,88.23529411764706,99.34640522875817,92.6797,6,306
2019-06-28,CVX,CHEVRON CORP,Petroleum refining,0.6536605761130134,8.0,31,90.19607843137256,93.95424836601308,91.6993,7,306
2019-06-28,FCX,FREEPORT-MCMORAN INC,Mining (metals/coal),0.5823970870133734,8.0,38,87.90849673202614,93.95424836601308,90.3268,8,306
2019-06-28,NUE,NUCOR CORP,Other manufacturing,0.581942982358104,8.0,39,87.58169934640523,93.95424836601308,90.1307,9,306
2019-06-28,JCI,Johnson Controls International plc,Machinery & computers,0.554425071282478,8.0,45,85.62091503267973,93.95424836601308,88.9542,10,306
2019-06-28,QRVO,"Qorvo, Inc.",Electronics & semis,0.5493166472609626,8.0,46,85.29411764705883,93.95424836601308,88.7582,11,306
2019-06-28,XRX,XEROX CORP,Machinery & computers,0.6152719038866024,7.875,33,89.54248366013073,86.60130718954248,88.366,12,306
2019-06-28,COP,CONOCOPHILLIPS,Petroleum refining,0.46155524887803007,9.0,64,79.41176470588235,99.34640522875817,87.3856,13,306
2019-06-28,KSS,KOHLS Corp,Retail,0.7123759885682108,7.0,26,91.83006535947712,75.32679738562092,85.2288,14,306
2019-06-28,NEM,NEWMONT Corp /DE/,Mining (metals/coal),0.512497827072512,7.875,52,83.33333333333334,86.60130718954248,84.6405,15,306
2019-06-28,NCLH,Norwegian Cruise Line Holdings Ltd.,Transportation,0.510673218509861,7.875,53,83.00653594771242,86.60130718954248,84.4444,16,306
2019-06-28,HAL,HALLIBURTON CO,Oil & gas extraction,0.4799002333107789,7.875,59,81.04575163398692,86.60130718954248,83.268,17,306
2019-06-28,PSX,Phillips 66,Petroleum refining,0.5793539536432516,7.0,41,86.9281045751634,75.32679738562092,82.2876,18,306
2019-06-28,FDX,FEDEX CORP,Transportation,0.44468670404114,7.875,69,77.77777777777779,86.60130718954248,81.3072,19,306
2019-06-28,FANG,"Diamondback Energy, Inc.",Oil & gas extraction,0.7647826224185513,6.75,21,93.4640522875817,62.41830065359477,81.0458,20,306
2020-06-30,ALK,"ALASKA AIR GROUP, INC.",Transportation,0.9717679017789856,9.0,24,92.78996865203762,99.05956112852664,95.2978,1,319
2020-06-30,UAL,"United Airlines Holdings, Inc.",Transportation,1.3436906583036343,7.875,13,96.23824451410658,85.8934169278997,92.1003,2,319
2020-06-30,TPR,"TAPESTRY, INC.",Other manufacturing,0.9223063468891801,8.0,28,91.53605015673982,92.94670846394985,92.1003,3,319
2020-06-30,MGM,MGM Resorts International,Services (hotels/personal),0.9340458871206607,7.875,25,92.47648902821317,85.8934169278997,89.8433,4,319
2020-06-30,DAL,"DELTA AIR LINES, INC.",Transportation,0.8553779613760227,7.875,35,89.34169278996865,85.8934169278997,87.9624,5,319
2020-06-30,NCLH,Norwegian Cruise Line Holdings Ltd.,Transportation,1.8600433542939825,6.75,5,98.7460815047022,66.14420062695925,85.7053,6,319
2020-06-30,XRAY,DENTSPLY SIRONA Inc.,Instruments & medical devices,0.5219543056814532,8.0,71,78.0564263322884,92.94670846394985,84.0125,7,319
2020-06-30,COP,CONOCOPHILLIPS,Petroleum refining,0.7700116198130902,7.0,40,87.7742946708464,76.8025078369906,83.3856,8,319
2020-06-30,JCI,Johnson Controls International plc,Machinery & computers,0.7505238924355665,7.0,43,86.83385579937304,76.8025078369906,82.8213,9,319
2020-06-30,CF,"CF Industries Holdings, Inc.",Chemicals (other),0.4762408276896322,8.0,84,73.98119122257053,92.94670846394985,81.5674,10,319
2020-06-30,PVH,PVH CORP. /DE/,Other manufacturing,1.7062790036183433,6.0,7,98.11912225705329,52.82131661442007,80.0,11,319
2020-06-30,KSS,KOHLS Corp,Retail,1.690200314927084,6.0,8,97.80564263322884,52.82131661442007,79.8119,12,319
2020-06-30,ETN,Eaton Corp plc,Machinery & computers,0.44469351327227835,8.0,94,70.84639498432603,92.94670846394985,79.6865,13,319
2020-06-30,MPC,Marathon Petroleum Corp,Petroleum refining,1.3878146066631196,6.0,10,97.17868338557993,52.82131661442007,79.4357,14,319
2020-06-30,FLS,FLOWSERVE CORP,Machinery & computers,0.47956458057693085,7.875,82,74.60815047021944,85.8934169278997,79.1223,15,319
2020-06-30,MLM,MARTIN MARIETTA MATERIALS INC,Mining (other),0.4164558621624361,8.0,101,68.65203761755487,92.94670846394985,78.3699,16,319
2020-06-30,RCL,ROYAL CARIBBEAN CRUISES LTD,Transportation,1.1570619587066222,6.0,18,94.67084639498434,52.82131661442007,77.931,17,319
2020-06-30,WHR,WHIRLPOOL CORP /DE/,Electronics & semis,0.3928942210094777,8.0,104,67.7115987460815,92.94670846394985,77.8056,18,319
2020-06-30,MHK,MOHAWK INDUSTRIES INC,Other manufacturing,1.1133102722631418,6.0,21,93.73040752351098,52.82131661442007,77.3668,19,319
2020-06-30,MDLZ,"Mondelez International, Inc.",Food & beverage mfg,0.3722717153178979,8.0,107,66.77115987460816,92.94670846394985,77.2414,20,319
2021-06-30,CTVA,"Corteva, Inc.",Chemicals & pharma,0.7522618334035241,8.0,11,97.09302325581395,95.93023255813954,96.6279,1,344
2021-06-30,MOS,MOSAIC CO,Chemicals (other),0.7920562260872609,7.0,7,98.25581395348837,86.48255813953489,93.5465,2,344
2021-06-30,SJM,J M SMUCKER Co,Food & beverage mfg,0.5787680879922049,8.0,30,91.56976744186046,95.93023255813954,93.314,3,344
2021-06-30,CVS,CVS HEALTH Corp,Retail,0.6341559456093528,7.0,17,95.34883720930233,86.48255813953489,91.8023,4,344
2021-06-30,UHS,UNIVERSAL HEALTH SERVICES INC,Health services,0.5071779798905952,7.875,42,88.0813953488372,91.71511627906976,89.5349,5,344
2021-06-30,DGX,QUEST DIAGNOSTICS INC,Health services,0.3837718837394014,9.0,63,81.97674418604652,99.70930232558139,89.0698,6,344
2021-06-30,PEG,PUBLIC SERVICE ENTERPRISE GROUP INC,Utilities,0.5297229807355519,7.0,37,89.53488372093024,86.48255813953489,88.314,7,344
2021-06-30,BIO,"BIO-RAD LABORATORIES, INC.",Instruments & medical devices,0.5151376284068205,7.0,40,88.66279069767442,86.48255813953489,87.7907,8,344
2021-06-30,KHC,Kraft Heinz Co,Food & beverage mfg,1.0044484685811548,6.0,2,99.70930232558139,66.42441860465115,86.3953,9,344
2021-06-30,LH,LABCORP HOLDINGS INC.,Health services,0.34764749986063326,8.0,77,77.90697674418605,95.93023255813954,85.1163,10,344
2021-06-30,LUMN,"Lumen Technologies, Inc.",Communications,0.7488173251576493,6.0,12,96.80232558139535,66.42441860465115,84.6512,11,344
2021-06-30,WAB,WESTINGHOUSE AIR BRAKE TECHNOLOGIES CORP,Transport equipment,0.6511132584212646,6.0,14,96.22093023255815,66.42441860465115,84.3023,12,344
2021-06-30,KR,KROGER CO,Retail,0.33239751402104895,8.0,83,76.16279069767442,95.93023255813954,84.0698,13,344
2021-06-30,FTV,Fortive Corp,Instruments & medical devices,0.38020639061798983,7.0,64,81.68604651162791,86.48255813953489,83.6047,14,344
2021-06-30,DLTR,"DOLLAR TREE, INC.",Retail,0.3136783708546564,8.0,89,74.4186046511628,95.93023255813954,83.0233,15,344
2021-06-30,ATO,ATMOS ENERGY CORP,Utilities,0.5612919007711227,6.0,32,90.98837209302324,66.42441860465115,81.1628,16,344
2021-06-30,LKQ,LKQ CORP,Wholesale,0.3788400676546981,6.75,66,81.1046511627907,79.36046511627907,80.407,17,344
2021-06-30,HSIC,HENRY SCHEIN INC,Wholesale,0.3167794252133307,7.0,87,75.0,86.48255813953489,79.593,18,344
2021-06-30,LIN,LINDE PLC,Chemicals & pharma,0.3130424719769866,7.0,90,74.12790697674419,86.48255813953489,79.0698,19,344
2021-06-30,NEM,NEWMONT Corp /DE/,Mining (metals/coal),0.45359273641325093,6.0,49,86.04651162790698,66.42441860465115,78.1977,20,344
2022-06-30,LUMN,"Lumen Technologies, Inc.",Communications,1.0604576576856242,9.0,7,98.30985915492958,98.45070422535211,98.3662,1,355
2022-06-30,PVH,PVH CORP. /DE/,Other manufacturing,1.3667576818547431,8.0,2,99.71830985915493,89.1549295774648,95.493,2,355
2022-06-30,TAP,MOLSON COORS BEVERAGE CO,Food & beverage mfg,1.1337640043682242,8.0,5,98.87323943661971,89.1549295774648,94.9859,3,355
2022-06-30,XRAY,DENTSPLY SIRONA Inc.,Instruments & medical devices,0.6486376492749422,9.0,30,91.83098591549296,98.45070422535211,94.4789,4,355
2022-06-30,MHK,MOHAWK INDUSTRIES INC,Other manufacturing,1.0429442937482045,8.0,9,97.74647887323944,89.1549295774648,94.3099,5,355
2022-06-30,FIS,"Fidelity National Information Services, Inc.",Business services & software,0.8472799044677164,8.0,15,96.05633802816902,89.1549295774648,93.2958,6,355
2022-06-30,GPN,GLOBAL PAYMENTS INC,Business services & software,0.8214972683332181,8.0,16,95.77464788732394,89.1549295774648,93.1268,7,355
2022-06-30,DXC,DXC Technology Co,Business services & software,0.7225378124921537,8.0,22,94.08450704225352,89.1549295774648,92.1127,8,355
2022-06-30,MU,MICRON TECHNOLOGY INC,Electronics & semis,0.7104586471451907,8.0,24,93.52112676056338,89.1549295774648,91.7746,9,355
2022-06-30,GM,General Motors Co,Transport equipment,1.2946184965666208,7.875,3,99.43661971830986,78.59154929577464,91.0986,10,355
2022-06-30,WAB,WESTINGHOUSE AIR BRAKE TECHNOLOGIES CORP,Transport equipment,0.6707383552655954,8.0,28,92.3943661971831,89.1549295774648,91.0986,11,355
2022-06-30,WHR,WHIRLPOOL CORP /DE/,Electronics & semis,0.5338698844651267,9.0,50,86.19718309859155,98.45070422535211,91.0986,12,355
2022-06-30,HPE,Hewlett Packard Enterprise Co,Machinery & computers,1.1644209855727121,7.875,4,99.15492957746478,78.59154929577464,90.9296,13,355
2022-06-30,CTVA,"Corteva, Inc.",Chemicals & pharma,0.6449036826266713,8.0,31,91.54929577464789,89.1549295774648,90.5915,14,355
2022-06-30,MOS,MOSAIC CO,Chemicals (other),0.6095975565778537,8.0,35,90.4225352112676,89.1549295774648,89.9155,15,355
2022-06-30,ALK,"ALASKA AIR GROUP, INC.",Transportation,0.753749029100066,7.875,20,94.64788732394366,78.59154929577464,88.2254,16,355
2022-06-30,IR,Ingersoll Rand Inc.,Machinery & computers,0.5243401732263494,8.0,55,84.78873239436619,89.1549295774648,86.5352,17,355
2022-06-30,CAG,CONAGRA BRANDS INC.,Food & beverage mfg,0.5199810872983625,8.0,57,84.22535211267605,89.1549295774648,86.1972,18,355
2022-06-30,EMN,EASTMAN CHEMICAL CO,Chemicals & pharma,0.49268206582490265,8.0,69,80.84507042253522,89.1549295774648,84.169,19,355
2022-06-30,DOW,DOW INC.,Chemicals & pharma,0.4783799004761214,8.0,72,80.0,89.1549295774648,83.662,20,355
