region,series,start,months,mean_ann_%,Sharpe,t
US,FMOM,1964-07-31,708,5.633285310734464,0.730290268140165,5.609465987834654
US,EQUAL,1964-07-31,708,3.967220338983051,0.8611183123017216,6.614375262948162
US,FMOM-EQUAL,1964-07-31,708,1.6660649717514124,0.2913291023049241,2.2377412953998466
Developed_ex_US,FMOM,1991-07-31,384,5.240265625000001,0.9100503633841104,5.148022265361489
Developed_ex_US,EQUAL,1991-07-31,384,3.7391250000000005,1.03213050821029,5.838611851400109
Developed_ex_US,FMOM-EQUAL,1991-07-31,384,1.5011406250000001,0.3931807778549855,2.224166354027694
Europe,FMOM,1991-07-31,384,6.780947916666666,1.0437996579452142,5.904622530666078
Europe,EQUAL,1991-07-31,384,4.0579374999999995,1.0522619448922825,5.952492454543025
Europe,FMOM-EQUAL,1991-07-31,384,2.723010416666667,0.6173813498249677,3.4924363123147106
Japan,FMOM,1991-07-31,384,3.400369791666667,0.4193016065120199,2.3719280746165015
Japan,EQUAL,1991-07-31,384,1.4545624999999998,0.35214426844077285,1.9920288013635712
Japan,FMOM-EQUAL,1991-07-31,384,1.9458072916666669,0.2894521504361878,1.6373886272196567
Asia_Pacific_ex_Japan,FMOM,1991-07-31,384,5.880645833333334,0.770048804748724,4.356053853459347
Asia_Pacific_ex_Japan,EQUAL,1991-07-31,384,4.3699375,0.9812631758213872,5.5508627660156025
Asia_Pacific_ex_Japan,FMOM-EQUAL,1991-07-31,384,1.5107083333333333,0.305809209381285,1.729918125622427
Emerging,FMOM,1990-07-31,396,6.311439393939393,1.1929996077288454,6.853260983893646
Emerging,EQUAL,1990-07-31,396,4.9718484848484845,1.2747846775962293,7.323080441298322
Emerging,FMOM-EQUAL,1990-07-31,396,1.339590909090909,0.3547304884988173,2.0377715138184938
