R,signal,prior_year_spread,used
2012-06-29,Q_LOWACC,0.029056428779593586,True
2012-06-29,V_EP,0.0252864715396108,True
2012-06-29,Q_GPA,0.14257787050136334,True
2012-06-29,A_SHY,0.1333303107406125,True
2012-06-29,C_MOM,-0.057311502871070036,False
2013-06-28,Q_LOWACC,-0.0614001816230087,False
2013-06-28,V_EP,0.04102323119273557,True
2013-06-28,Q_GPA,-0.09003213347025787,False
2013-06-28,A_SHY,-0.0133258290752023,False
2013-06-28,C_MOM,-0.1610596204065119,False
2014-06-30,Q_LOWACC,0.060941819132193875,True
2014-06-30,V_EP,-0.008329872765999835,False
2014-06-30,Q_GPA,-0.19535325254993993,False
2014-06-30,A_SHY,-0.05575696993639345,False
2014-06-30,C_MOM,0.14202836570990204,True
2015-06-30,Q_LOWACC,-0.034534411357287464,False
2015-06-30,V_EP,-0.06003734322343074,False
2015-06-30,Q_GPA,0.18443388816819284,True
2015-06-30,A_SHY,0.0567036598409766,True
2015-06-30,C_MOM,-0.04110714664994904,False
2016-06-30,Q_LOWACC,-0.04373285232229768,False
2016-06-30,V_EP,-0.02332398764731941,False
2016-06-30,Q_GPA,0.042939456017229045,True
2016-06-30,A_SHY,-0.026631310040400497,False
2016-06-30,C_MOM,0.13469984180955652,True
2017-06-30,Q_LOWACC,-0.06331508334188599,False
2017-06-30,V_EP,0.14809856798302498,True
2017-06-30,Q_GPA,-0.1559591711437968,False
2017-06-30,A_SHY,0.12846257100458122,True
2017-06-30,C_MOM,-0.028953453274905783,False
2018-06-29,Q_LOWACC,0.15005469875287325,True
2018-06-29,V_EP,-0.10410604094258757,False
2018-06-29,Q_GPA,0.16464509739256183,True
2018-06-29,A_SHY,0.03700738321013919,True
2018-06-29,C_MOM,0.0767288062460307,True
2019-06-28,Q_LOWACC,-0.06346425015758408,False
2019-06-28,V_EP,-0.07883043066347102,False
2019-06-28,Q_GPA,0.05404592375348329,True
2019-06-28,A_SHY,-0.026272043974955014,False
2019-06-28,C_MOM,-0.06133762486234985,False
2020-06-30,Q_LOWACC,0.020946521478117396,True
2020-06-30,V_EP,-0.24634692338798825,False
2020-06-30,Q_GPA,0.18182802101636386,True
2020-06-30,A_SHY,-0.06999877566427122,False
2020-06-30,C_MOM,0.24076265721591156,True
2021-06-30,Q_LOWACC,0.19927587563024507,True
2021-06-30,V_EP,0.03141436580322088,True
2021-06-30,Q_GPA,0.010165104103363798,True
2021-06-30,A_SHY,0.2788170579479646,True
2021-06-30,C_MOM,-0.47777890150277197,False
2022-06-30,Q_LOWACC,0.08597016413741049,True
2022-06-30,V_EP,0.08934681585646873,True
2022-06-30,Q_GPA,-0.0495967890298204,False
2022-06-30,A_SHY,0.2078747307741602,True
2022-06-30,C_MOM,-0.1690694950074825,False
