date,source,url,t_prev,t0,rate_surprise,equity_move,curve_slope_delta,vix_delta,dxy_delta,shock_type
1999-03-17,Beige_Book,https://www.federalreserve.gov/fomc/beigebook/1999/19990317/default.htm,1999-03-16,1999-03-17,0.04,-0.0043035022078149,-0.0100000000000006,0.4200000000000017,,policy_tightening
1999-05-05,Beige_Book,https://www.federalreserve.gov/fomc/beigebook/1999/19990505/default.htm,1999-05-04,1999-05-05,-0.0300000000000002,0.0079442976677823,0.0100000000000006,-0.4299999999999997,,policy_easing
1999-05-18,FOMC_statement,https://www.federalreserve.gov/boarddocs/press/general/1999/19990518/,1999-05-17,1999-05-18,0.0700000000000002,-0.0018627430978094,-0.0500000000000007,-0.0199999999999995,,policy_tightening
1999-06-16,Beige_Book,https://www.federalreserve.gov/fomc/beigebook/1999/19990616/default.htm,1999-06-15,1999-06-16,-0.0499999999999998,0.019111589541642,0.0099999999999997,-3.5100000000000016,,policy_easing
1999-06-30,FOMC_statement,https://www.federalreserve.gov/boarddocs/press/general/1999/19990630/default.htm,1999-06-29,1999-06-30,-0.1499999999999994,0.0181143815245587,0.0299999999999993,-1.4200000000000017,,policy_easing
1999-08-11,Beige_Book,https://www.federalreserve.gov/fomc/beigebook/1999/19990811/default.htm,1999-08-10,1999-08-11,-0.0300000000000002,0.0121448434576039,-0.08,-3.0599999999999987,,policy_easing
1999-08-24,FOMC_statement,https://www.federalreserve.gov/boarddocs/press/general/1999/19990824/default.htm,1999-08-23,1999-08-24,-0.0099999999999997,0.0036644728740482,-0.0300000000000002,-0.1500000000000021,,policy_easing
1999-09-22,Beige_Book,https://www.federalreserve.gov/fomc/beigebook/1999/19990922/default.htm,1999-09-21,1999-09-22,0.0,-0.0010757672870034,-0.0200000000000004,-0.4599999999999973,,no_rate_surprise
1999-10-05,FOMC_statement,https://www.federalreserve.gov/boarddocs/press/general/1999/19991005/DEFAULT.HTM,1999-10-04,1999-10-05,0.08,-0.0009558123265903,-0.0100000000000006,0.3299999999999983,,policy_tightening
1999-11-03,Beige_Book,https://www.federalreserve.gov/fomc/beigebook/1999/19991103/default.htm,1999-11-02,1999-11-03,-0.0199999999999995,0.0067333038549139,-0.0100000000000006,0.0599999999999987,,policy_easing
1999-11-16,FOMC_statement,https://www.federalreserve.gov/boarddocs/press/general/1999/19991116/DEFAULT.HTM,1999-11-15,1999-11-16,0.0599999999999996,0.0083657107804482,-0.0300000000000002,-2.009999999999998,,info_positive
1999-12-08,Beige_Book,https://www.federalreserve.gov/fomc/beigebook/1999/19991208/default.htm,1999-12-07,1999-12-08,0.0300000000000002,-0.0063988444711416,0.0099999999999997,0.1600000000000001,,policy_tightening
1999-12-21,FOMC_statement,https://www.federalreserve.gov/boarddocs/press/general/1999/19991221/DEFAULT.HTM,1999-12-20,1999-12-21,0.0,0.0152215087818943,0.0199999999999995,-1.120000000000001,,no_rate_surprise
2000-01-19,Beige_Book,https://www.federalreserve.gov/fomc/beigebook/2000/20000119/default.htm,2000-01-18,2000-01-19,-0.0099999999999997,0.0081438706787171,-0.0099999999999997,0.2199999999999988,,policy_easing
2000-02-02,FOMC_statement,https://www.federalreserve.gov/boarddocs/press/general/2000/20000202/default.htm,2000-02-01,2000-02-02,0.0300000000000002,0.0008874885964669,-0.0500000000000007,-0.3299999999999983,,info_positive
2000-03-08,Beige_Book,https://www.federalreserve.gov/fomc/beigebook/2000/20000308/default.htm,2000-03-07,2000-03-08,0.0199999999999995,-0.0012539291898705,-0.0299999999999993,-0.4899999999999984,,policy_tightening
2000-03-21,FOMC_statement,https://www.federalreserve.gov/boarddocs/press/general/2000/20000321/default.htm,2000-03-20,2000-03-21,-0.0199999999999995,0.0205218665051434,-0.0300000000000002,-1.2600000000000016,,policy_easing
2000-05-03,Beige_Book,https://www.federalreserve.gov/fomc/beigebook/2000/20000503/default.htm,2000-05-02,2000-05-03,0.0100000000000006,-0.0234174039764252,0.0699999999999994,3.129999999999999,,policy_tightening
2000-05-16,FOMC_statement,https://www.federalreserve.gov/boarddocs/press/general/2000/20000516/default.htm,2000-05-15,2000-05-16,0.0099999999999997,0.0096796257220304,-0.0499999999999998,-0.5199999999999996,,info_positive
2000-06-14,Beige_Book,https://www.federalreserve.gov/fomc/beigebook/2000/20000614/default.htm,2000-06-13,2000-06-14,-0.0499999999999998,0.0016936752588547,-8.881784197001252e-16,-0.1900000000000012,,policy_easing
2000-06-28,FOMC_statement,https://www.federalreserve.gov/boarddocs/press/general/2000/20000628/default.htm,2000-06-27,2000-06-28,-0.0700000000000002,0.0027979265961619,0.0800000000000009,-1.5100000000000016,,policy_easing
2000-08-09,Beige_Book,https://www.federalreserve.gov/fomc/beigebook/2000/20000809/default.htm,2000-08-08,2000-08-09,0.0199999999999995,-0.0084069591446622,-0.1399999999999996,0.3900000000000005,,policy_tightening
2000-08-22,FOMC_statement,https://www.federalreserve.gov/boarddocs/press/general/2000/20000822/default.htm,2000-08-21,2000-08-22,-0.0100000000000006,-0.0016608524754028,8.881784197001252e-16,0.1199999999999974,,info_negative
2000-09-20,Beige_Book,https://www.federalreserve.gov/fomc/beigebook/2000/20000920/default.htm,2000-09-19,2000-09-20,0.0600000000000005,-0.0073859774975458,-0.0100000000000006,0.3900000000000005,,policy_tightening
2000-10-03,FOMC_statement,https://www.federalreserve.gov/boarddocs/press/general/2000/20001003/default.htm,2000-10-02,2000-10-03,0.0199999999999995,-0.0093417017083056,0.0200000000000004,0.620000000000001,,policy_tightening
2000-11-01,Beige_Book,https://www.federalreserve.gov/fomc/beigebook/2000/20001101/default.htm,2000-10-31,2000-11-01,-0.0600000000000005,-0.0033887924754146,0.0300000000000011,0.6500000000000021,,info_negative
2000-11-15,FOMC_statement,https://www.federalreserve.gov/boarddocs/press/general/2000/20001115/default.htm,2000-11-14,2000-11-15,-0.0199999999999995,0.0031448933922664,-0.0200000000000004,-0.6600000000000001,,policy_easing
2000-12-06,Beige_Book,https://www.federalreserve.gov/fomc/beigebook/2000/20001206/default.htm,2000-12-05,2000-12-06,-0.0700000000000002,-0.0159968379119196,-0.0399999999999991,0.0800000000000018,,info_negative
2000-12-19,FOMC_statement,https://www.federalreserve.gov/boarddocs/press/general/2000/20001219/default.htm,2000-12-18,2000-12-19,0.0199999999999995,-0.0203668132609978,8.881784197001252e-16,-0.5299999999999976,,policy_tightening
2001-01-03,FOMC_statement,https://www.federalreserve.gov/boarddocs/press/general/2001/20010103/default.htm,2001-01-02,2001-01-03,0.0499999999999998,0.0480344610867136,0.1699999999999999,-3.389999999999997,,info_positive
2001-01-17,Beige_Book,https://www.federalreserve.gov/fomc/beigebook/2001/20010117/default.htm,2001-01-16,2001-01-17,-0.0499999999999998,0.0045873348670102,0.0,-0.3500000000000014,,policy_easing
2001-01-31,FOMC_statement,https://www.federalreserve.gov/boarddocs/press/general/2001/20010131/default.htm,2001-01-30,2001-01-31,-0.08,-0.0056604614967604,0.0300000000000002,-0.5500000000000007,,info_negative
2001-03-07,Beige_Book,https://www.federalreserve.gov/fomc/beigebook/2001/20010307/default.htm,2001-03-06,2001-03-07,-0.0600000000000005,0.0071381887555608,-0.0099999999999997,-1.7699999999999996,,policy_easing
2001-03-20,FOMC_statement,https://www.federalreserve.gov/boarddocs/press/general/2001/20010320/default.htm,2001-03-19,2001-03-20,-0.08,-0.0268430927171672,0.04,1.1799999999999995,,info_negative
2001-04-18,FOMC_statement,https://www.federalreserve.gov/boarddocs/press/general/2001/20010418/default.htm,2001-04-17,2001-04-18,-0.1500000000000003,0.0397452960672251,0.08,-1.4800000000000004,,policy_easing
2001-05-02,Beige_Book,https://www.federalreserve.gov/fomc/beigebook/2001/20010502/default.htm,2001-05-01,2001-05-02,0.0399999999999991,-0.0018102897664811,-0.0299999999999993,0.0300000000000011,,policy_tightening
2001-05-15,FOMC_statement,https://www.federalreserve.gov/boarddocs/press/general/2001/20010515/default.htm,2001-05-14,2001-05-15,-0.0099999999999997,0.0046256155860562,0.0499999999999998,-0.5500000000000007,,policy_easing
2001-06-13,Beige_Book,https://www.federalreserve.gov/fomc/beigebook/2001/20010613/default.htm,2001-06-12,2001-06-13,-0.0099999999999997,-0.0085798045540416,0.0200000000000004,0.75,,info_negative
2001-06-27,FOMC_statement,https://www.federalreserve.gov/boarddocs/press/general/2001/20010627/default.htm,2001-06-26,2001-06-27,0.0299999999999993,-0.0005758105166403,-0.0099999999999997,-0.3200000000000003,,policy_tightening
2001-08-08,Beige_Book,https://www.federalreserve.gov/fomc/beigebook/2001/20010808/default.htm,2001-08-07,2001-08-08,-0.1299999999999999,-0.0185474257270039,-0.08,1.3099999999999987,,info_negative
2001-08-21,FOMC_statement,https://www.federalreserve.gov/boarddocs/press/general/2001/20010821/default.htm,2001-08-20,2001-08-21,-0.0500000000000002,-0.0170583054329842,0.0100000000000002,1.5299999999999976,,info_negative
2001-09-17,FOMC_statement,https://www.federalreserve.gov/boarddocs/press/general/2001/20010917/default.htm,2001-09-14,2001-09-17,0.0899999999999998,-0.0522482901113909,-0.0300000000000002,9.919999999999998,,policy_tightening
2001-09-19,Beige_Book,https://www.federalreserve.gov/fomc/beigebook/2001/20010919/default.htm,2001-09-18,2001-09-19,-0.1499999999999999,-0.0201825347342741,0.1200000000000005,1.6900000000000048,,info_negative
2001-10-02,FOMC_statement,https://www.federalreserve.gov/boarddocs/press/general/2001/20011002/default.htm,2001-10-01,2001-10-02,-0.0499999999999998,0.0125628025639885,0.0300000000000002,-1.1400000000000006,,policy_easing
2001-10-24,Beige_Book,https://www.federalreserve.gov/fomc/beigebook/2001/20011024/default.htm,2001-10-23,2001-10-24,-0.0899999999999998,-0.0026627730019173,0.04,-1.0500000000000007,,info_negative
2001-11-06,FOMC_statement,https://www.federalreserve.gov/boarddocs/press/general/2001/20011106/default.htm,2001-11-05,2001-11-06,-0.0899999999999998,0.0155400518278563,0.08,-1.6999999999999993,,policy_easing
2001-11-28,Beige_Book,https://www.federalreserve.gov/fomc/beigebook/2001/20011128/default.htm,2001-11-27,2001-11-28,0.0100000000000002,-0.0181063633664388,-0.0100000000000002,1.8999999999999984,,policy_tightening
2001-12-11,FOMC_statement,https://www.federalreserve.gov/boarddocs/press/general/2001/20011211/default.htm,2001-12-10,2001-12-11,-0.0700000000000002,-0.0020107689798024,0.0300000000000002,-0.3200000000000003,,info_negative
2002-01-16,Beige_Book,https://www.federalreserve.gov/fomc/beigebook/2002/20020116/default.htm,2002-01-15,2002-01-16,0.0499999999999998,-0.0202346543393344,-0.0499999999999998,0.75,,policy_tightening
2002-01-30,FOMC_statement,https://www.federalreserve.gov/boarddocs/press/general/2002/20020130/default.htm,2002-01-29,2002-01-30,0.0100000000000002,0.0144181160890715,-0.0100000000000002,-1.1300000000000026,,info_positive
2002-03-06,Beige_Book,https://www.federalreserve.gov/fomc/beigebook/2002/20020306/default.htm,2002-03-05,2002-03-06,0.0099999999999997,0.0118734779740456,0.0300000000000002,-0.3599999999999994,,info_positive
2002-03-19,FOMC_statement,https://www.federalreserve.gov/boarddocs/press/general/2002/20020319/,2002-03-18,2002-03-19,-0.0299999999999998,0.0066855496773088,0.0399999999999995,-0.7699999999999996,,policy_easing
2002-04-24,Beige_Book,https://www.federalreserve.gov/fomc/beigebook/2002/20020424/default.htm,2002-04-23,2002-04-24,-0.1100000000000003,-0.0100432382616808,0.0400000000000009,0.4899999999999984,,info_negative
2002-05-07,FOMC_statement,https://www.federalreserve.gov/boarddocs/press/monetary/2002/20020507/default.htm,2002-05-06,2002-05-07,-0.0499999999999998,-0.0035077770139433,0.04,-0.6199999999999974,,info_negative
2002-06-12,Beige_Book,https://www.federalreserve.gov/fomc/beigebook/2002/20020612/default.htm,2002-06-11,2002-06-12,-0.04,0.0060807913126499,8.881784197001252e-16,-0.3000000000000007,,policy_easing
2002-06-26,FOMC_statement,https://www.federalreserve.gov/boarddocs/press/monetary/2002/20020626/default.htm,2002-06-25,2002-06-26,-0.1499999999999999,0.0016403510732985,0.02,0.5800000000000018,,policy_easing
2002-07-31,Beige_Book,https://www.federalreserve.gov/fomc/beigebook/2002/20020731/default.htm,2002-07-30,2002-07-31,-0.2099999999999999,0.0024194016985468,0.0699999999999994,0.1099999999999994,,policy_easing
2002-08-13,FOMC_statement,https://www.federalreserve.gov/boarddocs/press/monetary/2002/20020813/default.htm,2002-08-12,2002-08-13,-0.1,-0.0182084739589529,4.440892098500626e-16,-1.2299999999999969,,info_negative
2002-09-11,Beige_Book,https://www.federalreserve.gov/fomc/beigebook/2002/20020911/default.htm,2002-09-10,2002-09-11,0.06,-0.0062159179193308,0.0100000000000002,-0.269999999999996,,policy_tightening
2002-09-24,FOMC_statement,https://www.federalreserve.gov/boarddocs/press/monetary/2002/20020924/default.htm,2002-09-23,2002-09-24,0.0,-0.0161359252173005,-0.0100000000000002,0.8400000000000034,,no_rate_surprise
2002-10-23,Beige_Book,https://www.federalreserve.gov/fomc/beigebook/2002/20021023/default.htm,2002-10-22,2002-10-23,-0.0099999999999997,0.007596788356692,0.0,-0.8900000000000006,,policy_easing
2002-11-06,FOMC_statement,https://www.federalreserve.gov/boarddocs/press/monetary/2002/20021106/default.htm,2002-11-05,2002-11-06,0.05,0.0129561047287107,-0.0599999999999996,-0.5,,info_positive
2002-11-27,Beige_Book,https://www.federalreserve.gov/fomc/beigebook/2002/20021127/default.htm,2002-11-26,2002-11-27,0.1599999999999999,0.0281350106274156,0.0199999999999995,1.2800000000000011,,info_positive
2002-12-10,FOMC_statement,https://www.federalreserve.gov/boarddocs/press/monetary/2002/20021210/default.htm,2002-12-09,2002-12-10,0.02,0.0134083311154755,-0.02,-2.0199999999999996,,info_positive
2003-01-15,Beige_Book,https://www.federalreserve.gov/fomc/beigebook/2003/20030115/default.htm,2003-01-14,2003-01-15,-0.01,-0.0099648672661259,0.0099999999999997,0.9400000000000012,,info_negative
2003-01-29,FOMC_statement,https://www.federalreserve.gov/boarddocs/press/monetary/2003/20030129/default.htm,2003-01-28,2003-01-29,0.07,0.007573615793847,-0.0100000000000002,-0.6699999999999982,,info_positive
2003-03-05,Beige_Book,https://www.federalreserve.gov/fomc/beigebook/2003/20030305/default.htm,2003-03-04,2003-03-05,-0.03,0.0084584683148511,0.0099999999999997,-1.4499999999999993,,policy_easing
2003-03-18,FOMC_statement,https://www.federalreserve.gov/boarddocs/press/monetary/2003/20030318/default.htm,2003-03-17,2003-03-18,0.09,0.0058768842149357,4.440892098500626e-16,-1.3200000000000005,,info_positive
2003-04-23,Beige_Book,https://www.federalreserve.gov/fomc/beigebook/2003/20030423/default.htm,2003-04-22,2003-04-23,0.0,0.0091961626255048,0.0099999999999997,0.1000000000000014,,no_rate_surprise
2003-05-06,FOMC_statement,https://www.federalreserve.gov/boarddocs/press/monetary/2003/20030506/default.htm,2003-05-05,2003-05-06,-0.1,0.0094595379913349,0.0199999999999995,-0.3299999999999983,,policy_easing
2003-06-11,Beige_Book,https://www.federalreserve.gov/fomc/beigebook/2003/20030611/default.htm,2003-06-10,2003-06-11,0.03,0.0105801868088655,-0.0200000000000004,-0.4299999999999997,,info_positive
2003-06-25,FOMC_statement,https://www.federalreserve.gov/boarddocs/press/monetary/2003/20030625/default.htm,2003-06-24,2003-06-25,0.1600000000000001,-0.0100494847676382,-0.0700000000000002,0.0599999999999987,,policy_tightening
2003-07-30,Beige_Book,https://www.federalreserve.gov/fomc/beigebook/2003/20030730/default.htm,2003-07-29,2003-07-30,-0.03,-0.0024138683371329,-0.0499999999999998,0.1799999999999997,,info_negative
2003-08-12,FOMC_statement,https://www.federalreserve.gov/boarddocs/press/monetary/2003/20030812/default.htm,2003-08-11,2003-08-12,-0.1,0.009123203360172,0.0900000000000003,-1.8099999999999987,,policy_easing
2003-09-16,FOMC_statement,https://www.federalreserve.gov/boarddocs/press/monetary/2003/20030916/default.htm,2003-09-15,2003-09-16,0.0,0.014594394479314,0.0099999999999997,-1.25,,no_rate_surprise
2003-10-15,Beige_Book,https://www.federalreserve.gov/fomc/beigebook/2003/20031015/default.htm,2003-10-14,2003-10-15,0.06,-0.0026601018486756,-4.440892098500626e-16,0.3200000000000003,,policy_tightening
2003-10-28,FOMC_statement,https://www.federalreserve.gov/boarddocs/press/monetary/2003/20031028/default.htm,2003-10-27,2003-10-28,-0.1200000000000001,0.0136062964257273,0.0500000000000007,-1.2300000000000004,,policy_easing
2003-11-26,Beige_Book,https://www.federalreserve.gov/fomc/beigebook/2003/20031126/default.htm,2003-11-25,2003-11-26,0.08,0.0035855910905626,-0.0200000000000004,-0.4800000000000004,,info_positive
2003-12-09,FOMC_statement,https://www.federalreserve.gov/boarddocs/press/monetary/2003/20031209/default.htm,2003-12-08,2003-12-09,0.03,-0.0077154992784544,4.440892098500626e-16,1.09,,policy_tightening
2004-01-14,Beige_Book,https://www.federalreserve.gov/fomc/beigebook/2004/20040114/default.htm,2004-01-13,2004-01-14,0.02,0.0083514646184772,-0.06,-1.2899999999999991,,info_positive
2004-01-28,FOMC_statement,https://www.federalreserve.gov/boarddocs/press/monetary/2004/20040128/default.htm,2004-01-27,2004-01-28,0.1700000000000001,-0.0114230357604533,-0.0600000000000005,1.4300000000000015,,policy_tightening
2004-03-03,Beige_Book,https://www.federalreserve.gov/fomc/beigebook/2004/20040303/default.htm,2004-03-02,2004-03-03,0.0,0.0018185887611514,0.0200000000000004,-0.3099999999999987,,no_rate_surprise
2004-03-16,FOMC_statement,https://www.federalreserve.gov/boarddocs/press/monetary/2004/20040316/default.htm,2004-03-15,2004-03-16,-0.05,0.0053058594503716,-0.0299999999999993,-0.7899999999999991,,policy_easing
2004-04-21,Beige_Book,https://www.federalreserve.gov/fomc/beigebook/2004/20040421/default.htm,2004-04-20,2004-04-21,0.1100000000000003,0.0067010943386818,-0.0899999999999998,-1.070000000000002,,info_positive
2004-05-04,FOMC_statement,https://www.federalreserve.gov/boarddocs/press/monetary/2004/20040504/default.htm,2004-05-03,2004-05-04,-0.02,-0.0008025272954502,0.0499999999999993,-0.0700000000000002,,info_negative
2004-06-16,Beige_Book,https://www.federalreserve.gov/fomc/beigebook/2004/20040616/default.htm,2004-06-15,2004-06-16,0.0699999999999998,-0.0001753361902758,-0.02,-0.2600000000000015,,policy_tightening
2004-06-30,FOMC_statement,https://www.federalreserve.gov/boarddocs/press/monetary/2004/20040630/default.htm,2004-06-29,2004-06-30,-0.1299999999999999,0.0053542215463828,0.0499999999999998,-1.1300000000000008,,policy_easing
2004-07-28,Beige_Book,https://www.federalreserve.gov/fomc/beigebook/2004/20040728/default.htm,2004-07-27,2004-07-28,-0.04,0.0030061668006702,0.0300000000000002,-0.4000000000000021,,policy_easing
2004-08-10,FOMC_statement,https://www.federalreserve.gov/boarddocs/press/monetary/2004/20040810/default.htm,2004-08-09,2004-08-10,0.0999999999999996,0.0128967887997795,-0.0599999999999996,-1.4200000000000017,,info_positive
2004-09-08,Beige_Book,https://www.federalreserve.gov/fomc/beigebook/2004/20040908/default.htm,2004-09-07,2004-09-08,-0.08,-0.0024814600124853,0.0,-0.0099999999999997,,info_negative
2004-09-21,FOMC_statement,https://www.federalreserve.gov/boarddocs/press/monetary/2004/20040921/default.htm,2004-09-20,2004-09-21,0.0300000000000002,0.0043570263419314,-0.0500000000000007,-0.7699999999999996,,info_positive
2004-10-27,Beige_Book,https://www.federalreserve.gov/fomc/beigebook/2004/20041027/default.htm,2004-10-26,2004-10-27,0.0899999999999998,0.012013610822056,0.0100000000000006,-0.6699999999999999,,info_positive
2004-11-10,FOMC_statement,https://www.federalreserve.gov/boarddocs/press/monetary/2004/20041110/default.htm,2004-11-09,2004-11-10,0.02,0.0007703076522198,0.0100000000000002,-0.5299999999999994,,info_positive
2004-12-01,Beige_Book,https://www.federalreserve.gov/fomc/beigebook/2004/20041201/default.htm,2004-11-30,2004-12-01,-0.0100000000000002,0.0113666542424086,0.0299999999999998,-0.2699999999999996,,policy_easing
2004-12-14,FOMC_statement,https://www.federalreserve.gov/boarddocs/press/monetary/2004/20041214/default.htm,2004-12-13,2004-12-14,0.0100000000000002,0.0034892889719611,-0.0300000000000006,0.1900000000000012,,info_positive
2005-01-19,Beige_Book,https://www.federalreserve.gov/fomc/beigebook/2005/20050119/default.htm,2005-01-18,2005-01-19,0.0,-0.0104631617341495,-0.0099999999999997,0.7099999999999991,,no_rate_surprise
2005-02-02,FOMC_statement,https://www.federalreserve.gov/boarddocs/press/monetary/2005/20050202/default.htm,2005-02-01,2005-02-02,0.0299999999999998,0.0030272565289213,-0.0299999999999998,-0.3699999999999992,,info_positive
2005-03-09,Beige_Book,https://www.federalreserve.gov/fomc/beigebook/2005/20050309/default.htm,2005-03-08,2005-03-09,0.04,-0.011117306853881,0.0999999999999996,0.2999999999999989,,policy_tightening
2005-03-22,FOMC_statement,https://www.federalreserve.gov/boarddocs/press/monetary/2005/20050322/default.htm,2005-03-21,2005-03-22,0.1399999999999996,-0.0101607174173904,-0.04,0.6600000000000001,,policy_tightening
2005-04-20,Beige_Book,https://www.federalreserve.gov/fomc/beigebook/2005/20050420/default.htm,2005-04-19,2005-04-20,0.02,-0.0139504700007074,-0.0100000000000002,1.9600000000000009,,policy_tightening
2005-05-03,FOMC_statement,https://www.federalreserve.gov/boarddocs/press/monetary/2005/20050503/default.htm,2005-05-02,2005-05-03,0.04,0.0017181046645713,-0.04,-0.5899999999999999,,info_positive
2005-06-15,Beige_Book,https://www.federalreserve.gov/fomc/beigebook/2005/20050615/default.htm,2005-06-14,2005-06-15,0.0100000000000002,0.0019026706346485,-0.02,-0.3299999999999983,,info_positive
2005-06-30,FOMC_statement,https://www.federalreserve.gov/boarddocs/press/monetary/2005/20050630/default.htm,2005-06-29,2005-06-30,0.0100000000000002,-0.0054241808663131,-0.0600000000000005,0.2699999999999996,,policy_tightening
2005-07-27,Beige_Book,https://www.federalreserve.gov/fomc/beigebook/2005/20050727/default.htm,2005-07-26,2005-07-27,0.04,0.0036486316517228,-0.0100000000000006,-0.6300000000000008,,info_positive
2005-08-09,FOMC_statement,https://www.federalreserve.gov/boarddocs/press/monetary/2005/20050809/default.htm,2005-08-08,2005-08-09,-0.0300000000000002,0.006033682274722,0.0200000000000004,-0.8100000000000005,,policy_easing
2005-09-07,Beige_Book,https://www.federalreserve.gov/fomc/beigebook/2005/20050907/default.htm,2005-09-06,2005-09-07,0.0700000000000002,0.00169790187063,-0.0099999999999997,-0.4100000000000001,,info_positive
2005-09-20,FOMC_statement,https://www.federalreserve.gov/boarddocs/press/monetary/2005/20050920/default.htm,2005-09-19,2005-09-20,0.0699999999999998,-0.0084495002749531,-0.06,0.5,,policy_tightening
2005-10-19,Beige_Book,https://www.federalreserve.gov/fomc/beigebook/2005/20051019/default.htm,2005-10-18,2005-10-19,-0.0199999999999995,0.0166361449785399,-8.881784197001252e-16,-1.83,,policy_easing
2005-11-01,FOMC_statement,https://www.federalreserve.gov/boarddocs/press/monetary/2005/20051101/default.htm,2005-10-31,2005-11-01,0.0199999999999995,0.0029971036861753,-0.0099999999999997,-0.4700000000000006,,info_positive
2005-11-30,Beige_Book,https://www.federalreserve.gov/fomc/beigebook/2005/20051130/default.htm,2005-11-29,2005-11-30,0.0199999999999995,-0.0053932085010757,-0.0099999999999997,0.1699999999999999,,policy_tightening
2005-12-13,FOMC_statement,https://www.federalreserve.gov/boarddocs/press/monetary/2005/20051213/default.htm,2005-12-12,2005-12-13,-0.0200000000000004,0.0068005344109884,8.881784197001252e-16,-0.3600000000000012,,policy_easing
2006-01-18,Beige_Book,https://www.federalreserve.gov/fomc/beigebook/2006/20060118/default.htm,2006-01-17,2006-01-18,0.0,-0.0039743402931906,0.0,0.3399999999999998,0.163800000000009,no_rate_surprise
2006-01-31,FOMC_statement,https://www.federalreserve.gov/newsevents/pressreleases/monetary20060131a.htm,2006-01-30,2006-01-31,0.0200000000000004,-0.0073186920852605,-0.0300000000000002,0.5599999999999987,-0.283299999999997,policy_tightening
2006-03-15,Beige_Book,https://www.federalreserve.gov/fomc/beigebook/2006/20060315/default.htm,2006-03-14,2006-03-15,0.0300000000000002,0.004455303493386,-0.0099999999999997,0.6099999999999994,-0.099899999999991,info_positive
2006-03-28,FOMC_statement,https://www.federalreserve.gov/newsevents/pressreleases/monetary20060328a.htm,2006-03-27,2006-03-28,0.0899999999999998,-0.0061525819905919,0.0,0.1199999999999992,-0.0364000000000004,policy_tightening
2006-04-26,Beige_Book,https://www.federalreserve.gov/fomc/beigebook/2006/20060426/default.htm,2006-04-25,2006-04-26,0.04,0.0002302137949334,0.0099999999999997,0.0099999999999997,-0.0780000000000029,info_positive
2006-05-10,FOMC_statement,https://www.federalreserve.gov/newsevents/pressreleases/monetary20060510a.htm,2006-05-09,2006-05-10,0.04,-0.0005276348216284,-0.04,-0.2100000000000008,-0.3187000000000068,policy_tightening
2006-06-14,Beige_Book,https://www.federalreserve.gov/fomc/beigebook/2006/20060614/default.htm,2006-06-13,2006-06-14,0.0900000000000007,0.0077522172961517,-0.0100000000000006,-2.349999999999998,-0.0863000000000084,info_positive
2006-06-29,FOMC_statement,https://www.federalreserve.gov/newsevents/pressreleases/monetary20060629a.htm,2006-06-28,2006-06-29,-0.08,0.0202006614880017,0.0499999999999998,-2.76,-0.1761999999999943,policy_easing
2006-07-26,Beige_Book,https://www.federalreserve.gov/fomc/beigebook/2006/20060726/default.htm,2006-07-25,2006-07-26,-0.0500000000000007,0.0013418922385548,0.0200000000000004,-0.2300000000000004,-0.1967999999999961,policy_easing
2006-08-08,FOMC_statement,https://www.federalreserve.gov/newsevents/pressreleases/monetary20060808a.htm,2006-08-07,2006-08-08,-0.0499999999999998,-0.0038312420326033,0.0499999999999998,0.0,0.1436000000000064,info_negative
2006-09-06,Beige_Book,https://www.federalreserve.gov/fomc/beigebook/2006/20060906/default.htm,2006-09-05,2006-09-06,0.0200000000000004,-0.0088102379708152,-8.881784197001252e-16,1.1099999999999994,0.1694999999999993,policy_tightening
2006-09-20,FOMC_statement,https://www.federalreserve.gov/newsevents/pressreleases/monetary20060920a.htm,2006-09-19,2006-09-20,0.0199999999999995,0.0053105361169718,-0.0299999999999993,-0.5899999999999999,-0.0146999999999906,info_positive
2006-10-12,Beige_Book,https://www.federalreserve.gov/fomc/beigebook/2006/20061012/default.htm,2006-10-11,2006-10-12,0.0,0.0086598050640605,0.0099999999999997,-0.5299999999999994,-0.0835999999999899,no_rate_surprise
2006-10-25,FOMC_statement,https://www.federalreserve.gov/newsevents/pressreleases/monetary20061025a.htm,2006-10-24,2006-10-25,-0.0300000000000002,0.0034089233802561,-0.0199999999999995,-0.1199999999999992,-0.1433000000000106,policy_easing
2006-11-29,Beige_Book,https://www.federalreserve.gov/fomc/beigebook/2006/20061129/default.htm,2006-11-28,2006-11-29,0.0200000000000004,0.0104296560632026,-0.0100000000000006,-0.7899999999999991,0.0148999999999972,info_positive
2006-12-12,FOMC_statement,https://www.federalreserve.gov/newsevents/pressreleases/monetary20061212a.htm,2006-12-11,2006-12-12,-0.0599999999999996,-0.0007758432529016,0.0300000000000002,-0.0600000000000005,0.047300000000007,info_negative
2007-01-17,Beige_Book,https://www.federalreserve.gov/fomc/beigebook/2007/20070117/default.htm,2007-01-16,2007-01-17,0.0499999999999998,0.0004194654878799,-0.0099999999999997,-0.1500000000000003,-0.2306999999999988,info_positive
2007-01-31,FOMC_statement,https://www.federalreserve.gov/newsevents/pressreleases/monetary20070131a.htm,2007-01-30,2007-01-31,-0.04,0.0067228753862633,-0.0099999999999997,-0.5400000000000009,-0.1875,policy_easing
2007-03-07,Beige_Book,https://www.federalreserve.gov/fomc/beigebook/2007/20070307/default.htm,2007-03-06,2007-03-07,-0.04,-0.0010028158024466,0.0099999999999997,-0.7200000000000006,-0.0564999999999997,info_negative
2007-03-21,FOMC_statement,https://www.federalreserve.gov/newsevents/pressreleases/monetary20070321a.htm,2007-03-20,2007-03-21,-0.0899999999999998,0.0164575665040569,0.0600000000000005,-1.08,-0.179000000000002,policy_easing
2007-04-25,Beige_Book,https://www.federalreserve.gov/fomc/beigebook/2007/20070425/default.htm,2007-04-24,2007-04-25,0.0499999999999998,0.009181511182005,-0.0199999999999995,0.0900000000000016,-0.3110999999999961,info_positive
2007-05-09,FOMC_statement,https://www.federalreserve.gov/newsevents/pressreleases/monetary20070509a.htm,2007-05-08,2007-05-09,0.0500000000000007,0.0027197562000538,-0.0100000000000006,-0.33,-0.0715000000000003,info_positive
2007-06-13,Beige_Book,https://www.federalreserve.gov/fomc/beigebook/2007/20070613/default.htm,2007-06-12,2007-06-13,0.0,0.0149684442262953,-0.0599999999999996,-1.9400000000000013,0.2019999999999981,no_rate_surprise
2007-06-18,FOMC_statement,https://www.federalreserve.gov/newsevents/pressreleases/monetary20070618a.htm,2007-06-15,2007-06-18,-0.04,-0.0011756515101181,0.0300000000000002,-0.5199999999999996,-0.0752999999999985,info_negative
2007-07-25,Beige_Book,https://www.federalreserve.gov/fomc/beigebook/2007/20070725/default.htm,2007-07-24,2007-07-25,-0.0299999999999993,0.0020482236059791,0.0099999999999988,-0.4499999999999993,0.4138999999999981,policy_easing
2007-08-07,FOMC_statement,https://www.federalreserve.gov/newsevents/pressreleases/monetary20070807a.htm,2007-08-06,2007-08-07,0.0999999999999996,0.0106688268197598,-0.0499999999999998,-1.3800000000000026,0.2058999999999997,info_positive
2007-08-10,FOMC_statement,https://www.federalreserve.gov/newsevents/pressreleases/monetary20070810a.htm,2007-08-09,2007-08-10,-0.0200000000000004,-0.0046774612315662,0.04,1.8200000000000005,0.0803999999999973,info_negative
2007-08-17,FOMC_statement,https://www.federalreserve.gov/newsevents/pressreleases/monetary20070817b.htm,2007-08-16,2007-08-17,0.0999999999999996,0.018366949465097,-0.0199999999999995,-0.8399999999999999,-0.5865000000000009,info_positive
2007-09-05,Beige_Book,https://www.federalreserve.gov/fomc/beigebook/2007/20070905/default.htm,2007-09-04,2007-09-05,-0.0999999999999996,-0.0086532407923149,0.0200000000000004,1.7999999999999972,-0.0979999999999989,info_negative
2007-09-18,FOMC_statement,https://www.federalreserve.gov/newsevents/pressreleases/monetary20070918a.htm,2007-09-17,2007-09-18,-0.08,0.0294395273124552,0.0999999999999996,-6.129999999999999,-0.1645999999999929,policy_easing
2007-10-17,Beige_Book,https://www.federalreserve.gov/fomc/beigebook/2007/20071017/default.htm,2007-10-16,2007-10-17,-0.1200000000000001,0.0030558176178248,0.0300000000000002,-1.4800000000000004,-0.1972999999999984,policy_easing
2007-10-31,FOMC_statement,https://www.federalreserve.gov/newsevents/pressreleases/monetary20071031a.htm,2007-10-30,2007-10-31,0.1200000000000001,0.0103880726799956,-0.04,-2.539999999999999,-0.1862999999999885,info_positive
2007-11-28,Beige_Book,https://www.federalreserve.gov/fomc/beigebook/2007/20071128/default.htm,2007-11-27,2007-11-28,0.1200000000000001,0.0319840132049067,-0.04,-2.1700000000000017,0.0113000000000056,info_positive
2007-12-11,FOMC_statement,https://www.federalreserve.gov/newsevents/pressreleases/monetary20071211a.htm,2007-12-10,2007-12-11,-0.2299999999999999,-0.0274195127819488,0.0599999999999996,2.8500000000000014,0.0365000000000037,info_negative
2008-01-16,Beige_Book,https://www.federalreserve.gov/fomc/beigebook/2008/20080116/default.htm,2008-01-15,2008-01-16,-0.02,-0.0086119462700882,0.04,1.0399999999999991,0.5146000000000015,info_negative
2008-01-22,FOMC_statement,https://www.federalreserve.gov/newsevents/pressreleases/monetary20080122b.htm,2008-01-18,2008-01-22,-0.2799999999999998,-0.0101474637991492,0.1399999999999996,3.830000000000002,-0.0865000000000009,info_negative
2008-01-30,FOMC_statement,https://www.federalreserve.gov/newsevents/pressreleases/monetary20080130a.htm,2008-01-29,2008-01-30,0.0099999999999997,-0.0073575736998658,0.08,0.3000000000000007,-0.0899999999999892,policy_tightening
2008-03-05,Beige_Book,https://www.federalreserve.gov/fomc/beigebook/2008/20080305/default.htm,2008-03-04,2008-03-05,0.01,0.0063162990105765,0.06,-0.9199999999999982,-0.1692000000000035,info_positive
2008-03-11,FOMC_statement,https://www.federalreserve.gov/newsevents/pressreleases/monetary20080311a.htm,2008-03-10,2008-03-11,0.27,0.0359372931477393,-0.1299999999999999,-3.0199999999999996,0.031099999999995,info_positive
2008-03-18,FOMC_statement,https://www.federalreserve.gov/newsevents/pressreleases/monetary20080318a.htm,2008-03-17,2008-03-18,0.2299999999999999,0.0415433916198404,-0.0899999999999998,-6.450000000000003,-0.2225999999999999,info_positive
2008-04-16,Beige_Book,https://www.federalreserve.gov/fomc/beigebook/2008/20080416/default.htm,2008-04-15,2008-04-16,0.1399999999999999,0.0270942468582846,-0.0199999999999997,-2.25,-0.5668000000000006,info_positive
2008-04-30,FOMC_statement,https://www.federalreserve.gov/newsevents/pressreleases/monetary20080430a.htm,2008-04-29,2008-04-30,-0.06,-0.0058959351430274,-0.02,0.5500000000000007,0.0176999999999907,info_negative
2008-06-11,Beige_Book,https://www.federalreserve.gov/fomc/beigebook/2008/20080611/default.htm,2008-06-10,2008-06-11,-0.08,-0.0147123416601497,0.0699999999999994,0.9400000000000012,-0.2646000000000015,info_negative
2008-06-25,FOMC_statement,https://www.federalreserve.gov/newsevents/pressreleases/monetary20080625a.htm,2008-06-24,2008-06-25,-0.0500000000000002,0.0047259628684508,0.0700000000000007,-1.2800000000000011,0.0868999999999999,policy_easing
2008-07-23,Beige_Book,https://www.federalreserve.gov/fomc/beigebook/2008/20080723/default.htm,2008-07-22,2008-07-23,0.0699999999999998,0.0054126621402665,-0.0499999999999993,0.129999999999999,0.0755000000000052,info_positive
2008-08-05,FOMC_statement,https://www.federalreserve.gov/newsevents/pressreleases/monetary20080805a.htm,2008-08-04,2008-08-05,0.0100000000000002,0.0269622444575132,0.0499999999999998,-2.349999999999998,0.2670000000000101,info_positive
2008-09-03,Beige_Book,https://www.federalreserve.gov/fomc/beigebook/2008/20080903/default.htm,2008-09-02,2008-09-03,0.0,-0.0008593633021957,-0.0300000000000002,-0.5599999999999987,-0.0152000000000072,no_rate_surprise
2008-09-16,FOMC_statement,https://www.federalreserve.gov/newsevents/pressreleases/monetary20080916a.htm,2008-09-15,2008-09-16,0.1099999999999998,0.0167379059535437,-0.1,-1.3999999999999986,0.3023999999999915,info_positive
2008-10-08,FOMC_statement,https://www.federalreserve.gov/newsevents/pressreleases/monetary20081008a.htm,2008-10-07,2008-10-08,0.1799999999999999,-0.0251925083626988,0.04,3.8500000000000014,1.4795000000000016,policy_tightening
2008-10-15,Beige_Book,https://www.federalreserve.gov/fomc/beigebook/2008/20081015/default.htm,2008-10-14,2008-10-15,-0.1800000000000001,-0.0984478529207608,0.1400000000000005,14.119999999999996,0.950099999999992,info_negative
2008-10-29,FOMC_statement,https://www.federalreserve.gov/newsevents/pressreleases/monetary20081029a.htm,2008-10-28,2008-10-29,-0.0699999999999998,-0.0072524864631611,0.1099999999999998,3.0,-2.326899999999995,info_negative
2008-12-03,Beige_Book,https://www.federalreserve.gov/fomc/beigebook/2008/20081203/default.htm,2008-12-02,2008-12-03,-0.03,0.0240413024492414,0.0199999999999995,-2.259999999999998,0.436000000000007,policy_easing
2008-12-16,FOMC_statement,https://www.federalreserve.gov/newsevents/pressreleases/monetary20081216b.htm,2008-12-15,2008-12-16,-0.0999999999999999,0.04706557257081,-0.0599999999999996,-4.390000000000001,-0.6230000000000047,policy_easing
2009-01-14,Beige_Book,https://www.federalreserve.gov/fomc/beigebook/2009/20090114/default.htm,2009-01-13,2009-01-14,-0.03,-0.0314545729513234,-0.0599999999999998,5.869999999999997,0.3948999999999927,info_negative
2009-01-28,FOMC_statement,https://www.federalreserve.gov/newsevents/pressreleases/monetary20090128a.htm,2009-01-27,2009-01-28,0.02,0.0338343964397571,0.1,-2.5900000000000034,-0.6240999999999985,info_positive
2009-03-04,Beige_Book,https://www.federalreserve.gov/fomc/beigebook/2009/20090304/default.htm,2009-03-03,2009-03-04,0.0599999999999999,0.0236905795889414,0.02,-3.3699999999999974,-0.5691000000000059,info_positive
2009-03-18,FOMC_statement,https://www.federalreserve.gov/newsevents/pressreleases/monetary20090318a.htm,2009-03-17,2009-03-18,-0.2300000000000001,0.0223838773149247,-0.28,-0.7399999999999949,-0.2300000000000039,policy_easing
2009-04-15,Beige_Book,https://www.federalreserve.gov/fomc/beigebook/2009/20090415/default.htm,2009-04-14,2009-04-15,0.0,0.0106692863507327,0.02,-1.5,0.2399999999999948,no_rate_surprise
2009-04-29,FOMC_statement,https://www.federalreserve.gov/newsevents/pressreleases/monetary20090429a.htm,2009-04-28,2009-04-29,-0.01,0.0212688877411753,0.0800000000000005,-1.8700000000000043,-1.313599999999994,policy_easing
2009-06-10,Beige_Book,https://www.federalreserve.gov/fomc/beigebook/2009/20090610/default.htm,2009-06-09,2009-06-10,0.0499999999999998,-0.002536287188518,0.0700000000000002,0.1900000000000012,0.1740000000000066,policy_tightening
2009-06-24,FOMC_statement,https://www.federalreserve.gov/newsevents/pressreleases/monetary20090624a.htm,2009-06-23,2009-06-24,0.05,0.0086177473909649,0.0200000000000004,-1.5299999999999976,-0.2826999999999913,info_positive
2009-07-29,Beige_Book,https://www.federalreserve.gov/fomc/beigebook/2009/20090729/default.htm,2009-07-28,2009-07-29,0.0499999999999998,-0.0024510737346571,-0.08,0.5999999999999979,0.6085999999999956,policy_tightening
2009-08-12,FOMC_statement,https://www.federalreserve.gov/newsevents/pressreleases/monetary20090812a.htm,2009-08-11,2009-08-12,-0.03,0.010728683795214,0.04,-0.5399999999999991,-0.328400000000002,policy_easing
2009-09-09,Beige_Book,https://www.federalreserve.gov/fomc/beigebook/2009/20090909/default.htm,2009-09-08,2009-09-09,0.0,0.0076741575400802,0.0099999999999997,-1.3000000000000007,-0.0407999999999901,no_rate_surprise
2009-09-23,FOMC_statement,https://www.federalreserve.gov/newsevents/pressreleases/monetary20090923a.htm,2009-09-22,2009-09-23,-0.06,-0.0083121205041009,0.04,0.4100000000000001,0.1126000000000004,info_negative
2009-10-21,Beige_Book,https://www.federalreserve.gov/fomc/beigebook/2009/20091021/default.htm,2009-10-20,2009-10-21,0.05,-0.0089734770974416,0.0199999999999995,1.3200000000000005,-0.4205000000000041,policy_tightening
2009-11-04,FOMC_statement,https://www.federalreserve.gov/newsevents/pressreleases/monetary20091104a.htm,2009-11-03,2009-11-04,-0.01,0.0025798516025516,0.0799999999999996,-1.09,-0.5311999999999983,policy_easing
2009-12-02,Beige_Book,https://www.federalreserve.gov/fomc/beigebook/2009/20091202/default.htm,2009-12-01,2009-12-02,0.0499999999999999,-0.000449441356491,-0.0100000000000002,-0.8000000000000007,0.0583000000000026,policy_tightening
2009-12-16,FOMC_statement,https://www.federalreserve.gov/newsevents/pressreleases/monetary20091216a.htm,2009-12-15,2009-12-16,-0.03,0.0015272489701039,0.0399999999999995,-0.9499999999999992,-0.2138999999999953,policy_easing
2010-01-13,Beige_Book,https://www.federalreserve.gov/fomc/beigebook/2010/20100113/default.htm,2010-01-12,2010-01-13,0.0499999999999999,0.0084457358257732,0.0099999999999997,-0.3999999999999986,0.026699999999991,info_positive
2010-01-27,FOMC_statement,https://www.federalreserve.gov/newsevents/pressreleases/monetary20100127a.htm,2010-01-26,2010-01-27,0.03,0.0047571057314586,-0.0199999999999995,-1.41,-0.0463000000000022,info_positive
2010-03-03,Beige_Book,https://www.federalreserve.gov/fomc/beigebook/2010/20100303/default.htm,2010-03-02,2010-03-03,0.0199999999999999,0.0008914533459385,-0.0100000000000002,-0.2300000000000004,-0.5019000000000062,info_positive
2010-03-16,FOMC_statement,https://www.federalreserve.gov/newsevents/pressreleases/monetary20100316a.htm,2010-03-15,2010-03-16,-0.0299999999999999,0.0079661607017904,-0.02,-0.3099999999999987,-0.3692000000000064,policy_easing
2010-04-14,Beige_Book,https://www.federalreserve.gov/fomc/beigebook/2010/20100414/default.htm,2010-04-13,2010-04-14,0.0,0.0113494786052095,0.04,-0.6099999999999994,-0.3392000000000053,no_rate_surprise
2010-04-28,FOMC_statement,https://www.federalreserve.gov/newsevents/pressreleases/monetary20100428a.htm,2010-04-27,2010-04-28,0.0,0.0075962186985736,0.0899999999999998,-1.7300000000000004,0.3900000000000005,no_rate_surprise
2010-05-09,FOMC_statement,https://www.federalreserve.gov/newsevents/pressreleases/monetary20100509a.htm,2010-05-07,2010-05-10,0.04,0.0440414626303575,0.0799999999999996,-12.110000000000005,-0.9855999999999908,info_positive
2010-05-10,FOMC_statement,https://www.federalreserve.gov/newsevents/pressreleases/monetary20100510a.htm,2010-05-07,2010-05-10,0.04,0.0440414626303575,0.0799999999999996,-12.110000000000005,-0.9855999999999908,info_positive
2010-06-09,Beige_Book,https://www.federalreserve.gov/fomc/beigebook/2010/20100609/default.htm,2010-06-08,2010-06-09,0.0,-0.0053462158917098,0.0199999999999995,0.029999999999994,-0.4487000000000023,no_rate_surprise
2010-06-23,FOMC_statement,https://www.federalreserve.gov/newsevents/pressreleases/monetary20100623a.htm,2010-06-22,2010-06-23,-0.0499999999999999,-0.0031027221020422,-4.440892098500626e-16,-0.1400000000000005,0.3687999999999931,info_negative
2010-07-28,Beige_Book,https://www.federalreserve.gov/fomc/beigebook/2010/20100728/default.htm,2010-07-27,2010-07-28,-0.04,-0.0064548261634288,-0.0100000000000002,1.0599999999999987,-0.0076999999999998,info_negative
2010-08-10,FOMC_statement,https://www.federalreserve.gov/newsevents/pressreleases/monetary20100810a.htm,2010-08-09,2010-08-10,-0.02,-0.0053991894669261,-0.0499999999999998,0.2300000000000004,0.5471000000000004,info_negative
2010-09-08,Beige_Book,https://www.federalreserve.gov/fomc/beigebook/2010/20100908/default.htm,2010-09-07,2010-09-08,0.03,0.0070228045914719,0.02,-0.5500000000000007,-0.2635000000000076,info_positive
2010-09-21,FOMC_statement,https://www.federalreserve.gov/newsevents/pressreleases/monetary20100921a.htm,2010-09-20,2010-09-21,-0.0399999999999999,-0.0020136484737024,-0.0700000000000002,0.8500000000000014,-0.0811999999999955,info_negative
2010-10-20,Beige_Book,https://www.federalreserve.gov/fomc/beigebook/2010/20101020/default.htm,2010-10-19,2010-10-20,-0.02,0.0097659221416679,0.0299999999999998,-0.8399999999999999,-0.4052999999999969,policy_easing
2010-11-03,FOMC_statement,https://www.federalreserve.gov/newsevents/pressreleases/monetary20101103a.htm,2010-11-02,2010-11-03,0.0,0.0040177823461216,0.04,-2.0100000000000016,0.0231999999999885,no_rate_surprise
2010-12-01,Beige_Book,https://www.federalreserve.gov/fomc/beigebook/2010/20101201/default.htm,2010-11-30,2010-12-01,0.08,0.0212677023872427,0.0800000000000005,-2.1799999999999997,-0.4694999999999965,info_positive
2010-12-14,FOMC_statement,https://www.federalreserve.gov/newsevents/pressreleases/monetary20101214a.htm,2010-12-13,2010-12-14,0.05,0.0008832734262058,0.1499999999999999,0.0599999999999987,-0.1197000000000088,info_positive
2010-12-21,FOMC_statement,https://www.federalreserve.gov/newsevents/pressreleases/monetary20101221a.htm,2010-12-20,2010-12-21,0.01,0.0063405039814328,-0.0199999999999995,0.0799999999999983,-0.1207999999999884,info_positive
2011-01-12,Beige_Book,https://www.federalreserve.gov/monetarypolicy/beigebook/beigebook201101.htm,2011-01-11,2011-01-12,0.01,0.0090244344002479,0.02,-0.6500000000000021,-0.4320000000000021,info_positive
2011-01-26,FOMC_statement,https://www.federalreserve.gov/newsevents/pressreleases/monetary20110126a.htm,2011-01-25,2011-01-26,0.0,0.0038710368482779,0.1,-0.9499999999999992,-0.2188000000000016,no_rate_surprise
2011-03-02,Beige_Book,https://www.federalreserve.gov/monetarypolicy/beigebook/beigebook20110302.htm,2011-03-01,2011-03-02,0.0299999999999999,0.002138769457882,0.02,-0.3100000000000023,-0.0992999999999995,info_positive
2011-03-15,FOMC_statement,https://www.federalreserve.gov/newsevents/pressreleases/monetary20110315a.htm,2011-03-14,2011-03-15,0.02,-0.0114571235968083,-0.0499999999999998,3.1900000000000013,0.2653999999999996,policy_tightening
2011-04-13,Beige_Book,https://www.federalreserve.gov/monetarypolicy/beigebook/beigebook201104.htm,2011-04-12,2011-04-13,-0.02,-7.63872389574205e-05,-0.0099999999999997,-0.1699999999999981,-0.0850000000000079,info_negative
2011-04-27,FOMC_statement,https://www.federalreserve.gov/newsevents/pressreleases/monetary20110427a.htm,2011-04-26,2011-04-27,0.0,0.0065282138655482,0.0500000000000002,-0.2699999999999996,-0.0056999999999902,no_rate_surprise
2011-06-08,Beige_Book,https://www.federalreserve.gov/monetarypolicy/beigebook/beigebook201106.htm,2011-06-07,2011-06-08,0.0,-0.0041873921056039,-0.0299999999999998,0.7199999999999989,0.2086999999999932,no_rate_surprise
2011-06-22,FOMC_statement,https://www.federalreserve.gov/newsevents/pressreleases/monetary20110622a.htm,2011-06-21,2011-06-22,-0.01,-0.0060250135209051,0.0299999999999993,-0.3399999999999998,-0.0502999999999929,info_negative
2011-07-27,Beige_Book,https://www.federalreserve.gov/monetarypolicy/beigebook/beigebook201107.htm,2011-07-26,2011-07-27,0.03,-0.0204758880294138,-0.0100000000000002,2.75,0.243399999999994,policy_tightening
2011-08-09,FOMC_statement,https://www.federalreserve.gov/newsevents/pressreleases/monetary20110809a.htm,2011-08-08,2011-08-09,-0.08,0.0464992727299111,-0.1199999999999996,-12.939999999999998,0.2046000000000134,policy_easing
2011-09-07,Beige_Book,https://www.federalreserve.gov/monetarypolicy/beigebook/beigebook201109.htm,2011-09-06,2011-09-07,0.0,0.0282076667631798,0.0699999999999998,-3.6199999999999974,-0.1946000000000083,no_rate_surprise
2011-09-21,FOMC_statement,https://www.federalreserve.gov/newsevents/pressreleases/monetary20110921a.htm,2011-09-20,2011-09-21,0.03,-0.0294580251656901,-0.1,4.460000000000001,0.4675999999999902,policy_tightening
2011-10-19,Beige_Book,https://www.federalreserve.gov/monetarypolicy/beigebook/beigebook201110.htm,2011-10-18,2011-10-19,0.0,-0.0118287634462564,-0.0099999999999997,2.879999999999999,-0.2590000000000003,no_rate_surprise
2011-11-02,FOMC_statement,https://www.federalreserve.gov/newsevents/pressreleases/monetary20111102a.htm,2011-11-01,2011-11-02,0.0,0.0163116468970845,0.02,-2.030000000000001,-0.4856000000000051,no_rate_surprise
2011-11-30,Beige_Book,https://www.federalreserve.gov/monetarypolicy/beigebook/beigebook201111.htm,2011-11-29,2011-11-30,-0.02,0.0411497257222768,0.1,-2.84,-0.7434999999999974,policy_easing
2011-12-13,FOMC_statement,https://www.federalreserve.gov/newsevents/pressreleases/monetary20111213a.htm,2011-12-12,2011-12-13,0.0,-0.0093389543155826,-0.0699999999999998,-0.2600000000000015,0.2080999999999875,no_rate_surprise
2012-01-11,Beige_Book,https://www.federalreserve.gov/monetarypolicy/beigebook/beigebook201201.htm,2012-01-10,2012-01-11,0.0,0.0005419941674218,-0.07,0.3599999999999994,0.3079000000000036,no_rate_surprise
2012-01-25,FOMC_statement,https://www.federalreserve.gov/newsevents/pressreleases/monetary20120125a.htm,2012-01-24,2012-01-25,-0.0199999999999999,0.0083679101626183,-0.0500000000000002,-0.6000000000000014,0.0960000000000036,policy_easing
2012-02-29,Beige_Book,https://www.federalreserve.gov/monetarypolicy/beigebook/beigebook201202.htm,2012-02-28,2012-02-29,0.0,-0.0039249633192507,0.04,0.4699999999999988,-0.0615999999999985,no_rate_surprise
2012-03-13,FOMC_statement,https://www.federalreserve.gov/newsevents/pressreleases/monetary20120313a.htm,2012-03-12,2012-03-13,0.0199999999999999,0.0180259679005081,0.08,-0.8399999999999999,-0.1280000000000001,info_positive
2012-04-11,Beige_Book,https://www.federalreserve.gov/monetarypolicy/beigebook/beigebook201204.htm,2012-04-10,2012-04-11,0.0199999999999999,0.0080940214143645,0.02,-0.370000000000001,-0.0960000000000036,info_positive
2012-04-25,FOMC_statement,https://www.federalreserve.gov/newsevents/pressreleases/monetary20120425a.htm,2012-04-24,2012-04-25,-0.01,0.0136911857451085,0.0199999999999997,-1.2800000000000011,-0.0592999999999932,policy_easing
2012-06-06,Beige_Book,https://www.federalreserve.gov/monetarypolicy/beigebook/beigebook201206.htm,2012-06-05,2012-06-06,0.01,0.0224680893484607,0.0799999999999998,-2.5199999999999996,-0.5822000000000003,info_positive
2012-06-20,FOMC_statement,https://www.federalreserve.gov/newsevents/pressreleases/monetary20120620a.htm,2012-06-19,2012-06-20,0.02,-0.0016216642415293,-0.01,-1.1400000000000006,0.1077999999999974,policy_tightening
2012-07-18,Beige_Book,https://www.federalreserve.gov/monetarypolicy/beigebook/beigebook201207.htm,2012-07-17,2012-07-18,-0.03,0.0074071178522097,0.02,-0.3200000000000003,-0.2505999999999915,policy_easing
2012-08-01,FOMC_statement,https://www.federalreserve.gov/newsevents/pressreleases/monetary20120801a.htm,2012-07-31,2012-08-01,0.0099999999999999,-0.000871254875425,0.04,0.0300000000000011,0.0482999999999975,policy_tightening
2012-08-29,Beige_Book,https://www.federalreserve.gov/monetarypolicy/beigebook/beigebook201208.htm,2012-08-28,2012-08-29,0.0,0.0007780092085747,0.02,0.5700000000000003,0.179000000000002,no_rate_surprise
2012-09-13,FOMC_statement,https://www.federalreserve.gov/newsevents/pressreleases/monetary20120913a.htm,2012-09-12,2012-09-13,-0.01,0.0152368911363658,-0.01,-1.75,-0.0845000000000055,policy_easing
2012-10-10,Beige_Book,https://www.federalreserve.gov/monetarypolicy/beigebook/beigebook201210.htm,2012-10-09,2012-10-10,0.02,-0.0063799868304748,-0.04,-0.0800000000000018,0.0126999999999952,policy_tightening
2012-10-24,FOMC_statement,https://www.federalreserve.gov/newsevents/pressreleases/monetary20121024a.htm,2012-10-23,2012-10-24,0.0,-0.0028287361610204,0.01,-0.5,0.0330000000000012,no_rate_surprise
2012-11-28,Beige_Book,https://www.federalreserve.gov/monetarypolicy/beigebook/beigebook201211.htm,2012-11-27,2012-11-28,0.0,0.0080521280993615,-0.01,-0.4100000000000001,0.069199999999995,no_rate_surprise
2012-12-12,FOMC_statement,https://www.federalreserve.gov/newsevents/pressreleases/monetary20121212a.htm,2012-12-11,2012-12-12,0.01,0.0004880760972421,0.05,0.379999999999999,-0.069500000000005,info_positive
2013-01-16,Beige_Book,https://www.federalreserve.gov/monetarypolicy/beigebook/beigebook201301.htm,2013-01-15,2013-01-16,0.0,-0.0001358064167388,-0.02,-0.1300000000000007,0.076900000000009,no_rate_surprise
2013-01-30,FOMC_statement,https://www.federalreserve.gov/newsevents/pressreleases/monetary20130130a.htm,2013-01-29,2013-01-30,-0.0299999999999999,-0.0039158316508033,0.03,1.0099999999999998,-0.0570000000000021,info_negative
2013-03-06,Beige_Book,https://www.federalreserve.gov/monetarypolicy/beigebook/beigebook201303.htm,2013-03-05,2013-03-06,0.0,0.0013610141367264,0.05,0.0499999999999989,0.0497000000000014,no_rate_surprise
2013-03-13,FOMC_statement,https://www.federalreserve.gov/newsevents/pressreleases/monetary20130313a.htm,2013-03-12,2013-03-13,0.0,0.0014131026999648,0.0100000000000002,-0.4399999999999995,0.0855999999999994,no_rate_surprise
2013-03-20,FOMC_statement,https://www.federalreserve.gov/newsevents/pressreleases/monetary20130320a.htm,2013-03-19,2013-03-20,0.02,0.0069856648587027,0.02,-1.7200000000000006,-0.1118999999999914,info_positive
2013-04-17,Beige_Book,https://www.federalreserve.gov/monetarypolicy/beigebook/beigebook201304.htm,2013-04-16,2013-04-17,0.0,-0.0146113218498045,-0.02,2.5500000000000007,0.2921000000000049,no_rate_surprise
2013-05-01,FOMC_statement,https://www.federalreserve.gov/newsevents/pressreleases/monetary20130501a.htm,2013-04-30,2013-05-01,-0.0199999999999999,-0.0087672682900299,-0.02,0.9700000000000006,0.0589999999999975,info_negative
2013-06-05,Beige_Book,https://www.federalreserve.gov/monetarypolicy/beigebook/beigebook201306.htm,2013-06-04,2013-06-05,-0.02,-0.014000697046674,-0.02,1.2300000000000004,-0.0317000000000007,info_negative
2013-06-19,FOMC_statement,https://www.federalreserve.gov/newsevents/pressreleases/monetary20130619a.htm,2013-06-18,2013-06-19,0.0399999999999999,-0.0138168886574416,0.0899999999999998,0.0300000000000011,-0.067700000000002,policy_tightening
2013-07-17,Beige_Book,https://www.federalreserve.gov/monetarypolicy/beigebook/beigebook201307.htm,2013-07-16,2013-07-17,-0.02,0.0025669847975524,-0.0099999999999997,-0.6400000000000006,0.0266000000000019,policy_easing
2013-07-31,FOMC_statement,https://www.federalreserve.gov/newsevents/pressreleases/monetary20130731a.htm,2013-07-30,2013-07-31,-0.02,0.0007120812501748,-0.0099999999999997,0.0599999999999987,0.172700000000006,policy_easing
2013-09-04,Beige_Book,https://www.federalreserve.gov/monetarypolicy/beigebook/beigebook201309.htm,2013-09-03,2013-09-04,0.03,0.0082729662146701,0.0100000000000002,-0.7299999999999986,-0.3835000000000121,info_positive
2013-09-18,FOMC_statement,https://www.federalreserve.gov/newsevents/pressreleases/monetary20130918a.htm,2013-09-17,2013-09-18,-0.0499999999999999,0.011573719267093,-0.1199999999999996,-0.9399999999999996,0.0337999999999993,policy_easing
2013-10-16,Beige_Book,https://www.federalreserve.gov/monetarypolicy/beigebook/beigebook201310.htm,2013-10-15,2013-10-16,-0.0299999999999999,0.0139660222612771,-0.0299999999999998,-3.9499999999999993,-0.0823000000000035,policy_easing
2013-10-30,FOMC_statement,https://www.federalreserve.gov/newsevents/pressreleases/monetary20131030a.htm,2013-10-29,2013-10-30,0.02,-0.0049673805895723,0.0,0.2400000000000002,0.0046999999999997,policy_tightening
2013-12-04,Beige_Book,https://www.federalreserve.gov/monetarypolicy/beigebook/beigebook201312.htm,2013-12-03,2013-12-04,0.0199999999999999,-0.0001115619355732,0.0300000000000002,0.1499999999999985,0.0745999999999895,policy_tightening
2013-12-18,FOMC_statement,https://www.federalreserve.gov/newsevents/pressreleases/monetary20131218a.htm,2013-12-17,2013-12-18,-0.02,0.017072638687763,0.06,-2.41,0.1186999999999898,policy_easing
2014-01-15,Beige_Book,https://www.federalreserve.gov/monetarypolicy/beigebook/beigebook201401.htm,2014-01-14,2014-01-15,0.0199999999999999,0.005389883409407,0.0,0.0,0.3106999999999971,info_positive
2014-01-29,FOMC_statement,https://www.federalreserve.gov/newsevents/pressreleases/monetary20140129a.htm,2014-01-28,2014-01-29,-0.02,-0.0096056791408675,-0.06,1.5500000000000007,-0.0178999999999973,info_negative
2014-03-05,Beige_Book,https://www.federalreserve.gov/monetarypolicy/beigebook/beigebook201403.htm,2014-03-04,2014-03-05,0.0,0.0009063468678922,0.0,-0.209999999999999,-0.1889000000000038,no_rate_surprise
2014-03-19,FOMC_statement,https://www.federalreserve.gov/newsevents/pressreleases/monetary20140319a.htm,2014-03-18,2014-03-19,0.1099999999999999,-0.0053286789813897,-0.0100000000000006,0.5999999999999996,0.1121000000000123,policy_tightening
2014-04-16,Beige_Book,https://www.federalreserve.gov/monetarypolicy/beigebook/beigebook201404.htm,2014-04-15,2014-04-16,0.0,0.0104772603149703,0.0099999999999997,-1.4299999999999995,-0.0024999999999977,no_rate_surprise
2014-04-30,FOMC_statement,https://www.federalreserve.gov/newsevents/pressreleases/monetary20140430a.htm,2014-04-29,2014-04-30,-0.02,0.0029829862520767,-0.02,-0.3000000000000007,-0.1398999999999972,policy_easing
2014-06-04,Beige_Book,https://www.federalreserve.gov/monetarypolicy/beigebook/beigebook201406.htm,2014-06-03,2014-06-04,0.0,0.0020232238437556,0.0099999999999997,0.2100000000000008,0.0703000000000031,no_rate_surprise
2014-06-18,FOMC_statement,https://www.federalreserve.gov/newsevents/pressreleases/monetary20140618a.htm,2014-06-17,2014-06-18,-0.03,0.0073393942677866,-0.0200000000000004,-1.450000000000001,-0.0304000000000002,policy_easing
2014-07-16,Beige_Book,https://www.federalreserve.gov/monetarypolicy/beigebook/beigebook201407.htm,2014-07-15,2014-07-16,0.01,0.0037012853256876,-0.0200000000000004,-0.9600000000000009,0.0195000000000078,info_positive
2014-07-30,FOMC_statement,https://www.federalreserve.gov/newsevents/pressreleases/monetary20140730a.htm,2014-07-29,2014-07-30,0.02,0.0001521732683114,0.0799999999999996,0.0500000000000007,0.3029999999999972,info_positive
2014-09-03,Beige_Book,https://www.federalreserve.gov/monetarypolicy/beigebook/beigebook201409.htm,2014-09-02,2014-09-03,-0.01,-0.0005482850881526,2.220446049250313e-16,0.1099999999999994,-0.1920999999999963,info_negative
2014-09-17,FOMC_statement,https://www.federalreserve.gov/newsevents/pressreleases/monetary20140917a.htm,2014-09-16,2014-09-17,0.0399999999999999,0.0013471206552635,-0.0199999999999995,-0.08,0.0623000000000075,info_positive
2014-09-17,FOMC_statement,https://www.federalreserve.gov/newsevents/pressreleases/monetary20140917c.htm,2014-09-16,2014-09-17,0.0399999999999999,0.0013471206552635,-0.0199999999999995,-0.08,0.0623000000000075,info_positive
2014-10-15,Beige_Book,https://www.federalreserve.gov/monetarypolicy/beigebook/beigebook201410.htm,2014-10-14,2014-10-15,-0.0499999999999999,-0.0067664829113055,-0.01,3.460000000000001,-0.0411000000000001,info_negative
2014-10-29,FOMC_statement,https://www.federalreserve.gov/newsevents/pressreleases/monetary20141029a.htm,2014-10-28,2014-10-29,0.06,-0.0015120260887458,-0.02,0.7599999999999998,-0.2027999999999963,policy_tightening
2014-12-03,Beige_Book,https://www.federalreserve.gov/monetarypolicy/beigebook/beigebook201412.htm,2014-12-02,2014-12-03,0.0199999999999999,0.0038632202435575,-0.0099999999999995,-0.379999999999999,0.1217999999999932,info_positive
2014-12-17,FOMC_statement,https://www.federalreserve.gov/newsevents/pressreleases/monetary20141217a.htm,2014-12-16,2014-12-17,0.04,0.0196050201360498,0.0300000000000002,-4.129999999999999,0.0267000000000052,info_positive
2015-01-14,Beige_Book,https://www.federalreserve.gov/monetarypolicy/beigebook/beigebook201501.htm,2015-01-13,2015-01-14,-0.03,-0.0060367576912486,-0.0199999999999997,0.9200000000000016,-0.1796999999999968,info_negative
2015-01-28,FOMC_statement,https://www.federalreserve.gov/newsevents/pressreleases/monetary20150128a.htm,2015-01-27,2015-01-28,-0.04,-0.0128245476146523,-0.06,3.2200000000000024,0.3091000000000008,info_negative
2015-03-04,Beige_Book,https://www.federalreserve.gov/monetarypolicy/beigebook/beigebook20150304.htm,2015-03-03,2015-03-04,-0.02,-0.0042157092130133,0.02,0.370000000000001,0.5771000000000015,info_negative
2015-03-18,FOMC_statement,https://www.federalreserve.gov/newsevents/pressreleases/monetary20150318a.htm,2015-03-17,2015-03-18,-0.13,0.0120217228844352,-2.220446049250313e-16,-1.6899999999999995,-0.1724999999999994,policy_easing
2015-04-15,Beige_Book,https://www.federalreserve.gov/monetarypolicy/beigebook/beigebook201504.htm,2015-04-14,2015-04-15,-0.02,0.004486849212633,0.03,-0.8300000000000001,0.1308000000000078,policy_easing
2015-04-29,FOMC_statement,https://www.federalreserve.gov/newsevents/pressreleases/monetary20150429a.htm,2015-04-28,2015-04-29,0.0,-0.0041148637482495,0.06,0.9800000000000004,-0.5600000000000023,no_rate_surprise
2015-06-03,Beige_Book,https://www.federalreserve.gov/monetarypolicy/beigebook/beigebook201506.htm,2015-06-02,2015-06-03,0.0499999999999999,0.0026496704444105,0.06,-0.5800000000000001,-0.3063999999999964,info_positive
2015-06-17,FOMC_statement,https://www.federalreserve.gov/newsevents/pressreleases/monetary20150617a.htm,2015-06-16,2015-06-17,-0.0399999999999999,0.001617246571453,0.04,-0.3100000000000005,0.0106999999999999,policy_easing
2015-07-15,Beige_Book,https://www.federalreserve.gov/monetarypolicy/beigebook/beigebook201507.htm,2015-07-14,2015-07-15,-0.02,-0.000332102824177,-0.0300000000000002,-0.1399999999999988,0.5305999999999926,info_negative
2015-07-29,FOMC_statement,https://www.federalreserve.gov/newsevents/pressreleases/monetary20150729a.htm,2015-07-28,2015-07-29,0.01,0.0068790711728266,0.0200000000000002,-0.9399999999999996,-0.0841000000000065,info_positive
2015-09-02,Beige_Book,https://www.federalreserve.gov/monetarypolicy/beigebook/beigebook201509.htm,2015-09-01,2015-09-02,0.02,0.0189810140233206,0.0100000000000002,-5.309999999999999,0.3473000000000041,info_positive
2015-09-17,FOMC_statement,https://www.federalreserve.gov/newsevents/pressreleases/monetary20150917a.htm,2015-09-16,2015-09-17,-0.12,-0.002248079797553,0.03,-0.2100000000000008,0.0191000000000087,info_negative
2015-10-14,Beige_Book,https://www.federalreserve.gov/monetarypolicy/beigebook/beigebook201510.htm,2015-10-13,2015-10-14,-0.07,-0.0047940225965605,0.0,0.3599999999999994,-0.2875000000000085,info_negative
2015-10-28,FOMC_statement,https://www.federalreserve.gov/newsevents/pressreleases/monetary20151028a.htm,2015-10-27,2015-10-28,0.0799999999999999,0.0113746462359969,-0.0299999999999998,-1.0999999999999996,-0.254099999999994,info_positive
2015-12-02,Beige_Book,https://www.federalreserve.gov/monetarypolicy/beigebook/beigebook201512.htm,2015-12-01,2015-12-02,0.0299999999999999,-0.0102049537732921,4.440892098500626e-16,1.2400000000000002,0.2580999999999989,policy_tightening
2015-12-16,FOMC_statement,https://www.federalreserve.gov/newsevents/pressreleases/monetary20151216a.htm,2015-12-15,2015-12-16,0.04,0.0146322381843571,-0.02,-3.09,0.1255000000000024,info_positive
2016-01-13,Beige_Book,https://www.federalreserve.gov/monetarypolicy/beigebook/beigebook201601.htm,2016-01-12,2016-01-13,-0.02,-0.0249406416635007,-0.02,2.75,-0.1702999999999974,info_negative
2016-01-27,FOMC_statement,https://www.federalreserve.gov/newsevents/pressreleases/monetary20160127a.htm,2016-01-26,2016-01-27,-0.01,-0.0108830095975952,0.0200000000000004,0.6099999999999994,-0.4745999999999952,info_negative
2016-03-02,Beige_Book,https://www.federalreserve.gov/monetarypolicy/beigebook/beigebook201603.htm,2016-03-01,2016-03-02,0.0,0.0044924458061552,0.01,-0.6099999999999994,-0.1300000000000096,no_rate_surprise
2016-03-16,FOMC_statement,https://www.federalreserve.gov/newsevents/pressreleases/monetary20160316a.htm,2016-03-15,2016-03-16,-0.1099999999999999,0.0057872733879693,0.0799999999999998,-1.8499999999999996,0.2213999999999885,policy_easing
2016-04-13,Beige_Book,https://www.federalreserve.gov/monetarypolicy/beigebook/beigebook201604.htm,2016-04-12,2016-04-13,0.01,0.0101011788060625,-0.03,-1.0099999999999998,0.3276000000000039,info_positive
2016-04-27,FOMC_statement,https://www.federalreserve.gov/newsevents/pressreleases/monetary20160427a.htm,2016-04-26,2016-04-27,-0.03,0.0020579178425621,-0.04,-0.1900000000000012,0.0986999999999937,policy_easing
2016-06-01,Beige_Book,https://www.federalreserve.gov/monetarypolicy/beigebook/beigebook201606.htm,2016-05-31,2016-06-01,0.04,0.0020494108555189,-0.03,0.0099999999999997,0.034400000000005,info_positive
2016-06-15,FOMC_statement,https://www.federalreserve.gov/newsevents/pressreleases/monetary20160615a.htm,2016-06-14,2016-06-15,-0.05,-0.001393847647882,0.03,-0.3599999999999994,-0.2155000000000058,info_negative
2016-07-13,Beige_Book,https://www.federalreserve.gov/monetarypolicy/beigebook/beigebook201607.htm,2016-07-12,2016-07-13,-0.0099999999999998,-0.0001393396036154,-0.0400000000000001,-0.5100000000000016,-0.0836000000000041,info_negative
2016-07-27,FOMC_statement,https://www.federalreserve.gov/newsevents/pressreleases/monetary20160727a.htm,2016-07-26,2016-07-27,-0.02,-0.0010611618482563,-0.03,-0.2200000000000006,0.1577000000000055,info_negative
2016-09-07,Beige_Book,https://www.federalreserve.gov/monetarypolicy/beigebook/beigebook201609.htm,2016-09-06,2016-09-07,0.0,-9.11899395660276e-05,-0.01,-0.08,0.0104000000000041,no_rate_surprise
2016-09-21,FOMC_statement,https://www.federalreserve.gov/newsevents/pressreleases/monetary20160921a.htm,2016-09-20,2016-09-21,0.0,0.011245395738884,-0.03,-2.619999999999999,-0.2005999999999943,no_rate_surprise
2016-10-19,Beige_Book,https://www.federalreserve.gov/monetarypolicy/beigebook/beigebook201610.htm,2016-10-18,2016-10-19,-0.0099999999999998,0.002667027619027,0.0199999999999999,-0.8699999999999992,-0.0846000000000088,policy_easing
2016-11-02,FOMC_statement,https://www.federalreserve.gov/newsevents/pressreleases/monetary20161102a.htm,2016-11-01,2016-11-02,-0.0199999999999999,-0.0060186594915202,0.0,0.7600000000000016,-0.0709000000000088,info_negative
2016-11-30,Beige_Book,https://www.federalreserve.gov/monetarypolicy/beigebook/beigebook201611.htm,2016-11-29,2016-11-30,0.02,-0.002399215133846,0.0500000000000002,0.4299999999999997,0.1195999999999912,policy_tightening
2016-12-14,FOMC_statement,https://www.federalreserve.gov/newsevents/pressreleases/monetary20161214a.htm,2016-12-13,2016-12-14,0.1,-0.008254376370483,-0.04,0.4699999999999988,-0.0696999999999974,policy_tightening
2017-01-18,Beige_Book,https://www.federalreserve.gov/monetarypolicy/beigebook201701.htm,2017-01-17,2017-01-18,0.06,0.0022101359099273,0.0299999999999998,0.6100000000000012,0.4585999999999899,info_positive
2017-02-01,FOMC_statement,https://www.federalreserve.gov/newsevents/pressreleases/monetary20170201a.htm,2017-01-31,2017-02-01,0.03,0.0003956815035679,-2.220446049250313e-16,-0.1799999999999997,0.1672999999999973,info_positive
2017-03-01,Beige_Book,https://www.federalreserve.gov/monetarypolicy/beigebook201703.htm,2017-02-28,2017-03-01,0.07,0.0139974841304499,0.03,-0.3800000000000008,0.4347999999999956,info_positive
2017-03-15,FOMC_statement,https://www.federalreserve.gov/newsevents/pressreleases/monetary20170315a.htm,2017-03-14,2017-03-15,-0.0699999999999998,0.0086536585920429,-0.0200000000000004,-0.6699999999999999,-0.2061999999999955,policy_easing
2017-04-19,Beige_Book,https://www.federalreserve.gov/monetarypolicy/beigebook201704.htm,2017-04-18,2017-04-19,0.01,-0.0018385123529292,0.0199999999999997,0.5099999999999998,0.5348000000000042,policy_tightening
2017-05-03,FOMC_statement,https://www.federalreserve.gov/newsevents/pressreleases/monetary20170503a.htm,2017-05-02,2017-05-03,0.03,-0.001214634277897,0.01,0.0899999999999998,-0.0154999999999887,policy_tightening
2017-05-31,Beige_Book,https://www.federalreserve.gov/monetarypolicy/beigebook201705.htm,2017-05-30,2017-05-31,0.0,-0.0002486693741238,0.0,0.0299999999999993,-0.259600000000006,no_rate_surprise
2017-06-14,FOMC_statement,https://www.federalreserve.gov/newsevents/pressreleases/monetary20170614a.htm,2017-06-13,2017-06-14,-0.0299999999999998,-0.001267589874546,-0.0300000000000002,0.2200000000000006,-0.5536999999999921,info_negative
2017-07-12,Beige_Book,https://www.federalreserve.gov/monetarypolicy/beigebook201707.htm,2017-07-11,2017-07-12,-0.02,0.0075146530442558,-0.02,-0.5899999999999999,-0.5529999999999973,policy_easing
2017-07-26,FOMC_statement,https://www.federalreserve.gov/newsevents/pressreleases/monetary20170726a.htm,2017-07-25,2017-07-26,-0.0399999999999998,4.0375189821917346e-05,-2.220446049250313e-16,0.1699999999999999,0.0975999999999999,policy_easing
2017-09-06,Beige_Book,https://www.federalreserve.gov/monetarypolicy/beigebook201709.htm,2017-09-05,2017-09-06,0.0,0.0034136859524511,0.0300000000000002,-0.5999999999999996,-0.3766999999999996,no_rate_surprise
2017-09-20,FOMC_statement,https://www.federalreserve.gov/newsevents/pressreleases/monetary20170920a.htm,2017-09-19,2017-09-20,0.05,0.0003599903219841,-0.0100000000000004,-0.4000000000000003,-0.1812999999999931,info_positive
2017-10-18,Beige_Book,https://www.federalreserve.gov/monetarypolicy/beigebook201710.htm,2017-10-17,2017-10-18,0.05,0.0009786272084759,-0.01,-0.2400000000000002,-0.1927000000000021,info_positive
2017-11-01,FOMC_statement,https://www.federalreserve.gov/newsevents/pressreleases/monetary20171101a.htm,2017-10-31,2017-11-01,0.01,0.0013220367355013,-0.0199999999999997,0.0199999999999995,-0.0109999999999956,info_positive
2017-11-29,Beige_Book,https://www.federalreserve.gov/monetarypolicy/beigebook201711.htm,2017-11-28,2017-11-29,0.03,-0.000608554466821,2.220446049250313e-16,0.6699999999999999,0.0246999999999957,policy_tightening
2017-12-13,FOMC_statement,https://www.federalreserve.gov/newsevents/pressreleases/monetary20171213a.htm,2017-12-12,2017-12-13,-0.04,-0.0001123702487062,0.0,0.2599999999999998,-0.2455000000000069,info_negative
2018-01-17,Beige_Book,https://www.federalreserve.gov/monetarypolicy/beigebook201801.htm,2018-01-16,2018-01-17,0.02,0.0095316166980916,0.0099999999999997,0.25,-0.1691999999999893,info_positive
2018-01-31,FOMC_statement,https://www.federalreserve.gov/newsevents/pressreleases/monetary20180131a.htm,2018-01-30,2018-01-31,0.0100000000000002,0.000497320747701,-0.02,-1.25,-0.3367999999999966,info_positive
2018-03-07,Beige_Book,https://www.federalreserve.gov/monetarypolicy/beigebook201803.htm,2018-03-06,2018-03-07,0.0,-0.000366688668836,0.0100000000000002,-0.5999999999999979,0.2942000000000035,no_rate_surprise
2018-03-21,FOMC_statement,https://www.federalreserve.gov/newsevents/pressreleases/monetary20180321a.htm,2018-03-20,2018-03-21,-0.0299999999999998,-0.0019189386736999,0.0299999999999998,-0.3399999999999998,-0.5018000000000029,info_negative
2018-04-18,Beige_Book,https://www.federalreserve.gov/monetarypolicy/beigebook201804.htm,2018-04-17,2018-04-18,0.0099999999999997,0.0007402870165933,0.0400000000000004,0.3499999999999996,0.0751999999999952,info_positive
2018-05-02,FOMC_statement,https://www.federalreserve.gov/newsevents/pressreleases/monetary20180502a.htm,2018-05-01,2018-05-02,-0.0099999999999997,-0.0067175365452489,0.0099999999999997,0.4800000000000004,0.4179999999999921,info_negative
2018-05-30,Beige_Book,https://www.federalreserve.gov/monetarypolicy/beigebook201805.htm,2018-05-29,2018-05-30,0.1,0.0133445732349841,-0.0300000000000002,-2.08,-0.539599999999993,info_positive
2018-06-13,FOMC_statement,https://www.federalreserve.gov/newsevents/pressreleases/monetary20180613a.htm,2018-06-12,2018-06-13,0.0499999999999998,-0.0031910882402867,-0.0299999999999998,0.5999999999999996,0.0438999999999936,policy_tightening
2018-07-18,Beige_Book,https://www.federalreserve.gov/monetarypolicy/beigebook201807.htm,2018-07-17,2018-07-18,-0.02,0.0021037197237734,0.04,0.0399999999999991,0.1843999999999965,policy_easing
2018-08-01,FOMC_statement,https://www.federalreserve.gov/newsevents/pressreleases/monetary20180801a.htm,2018-07-31,2018-08-01,0.0,-0.0016707985349851,0.04,0.3200000000000003,0.1599999999999966,no_rate_surprise
2018-09-12,Beige_Book,https://www.federalreserve.gov/monetarypolicy/beigebook201809.htm,2018-09-11,2018-09-12,-0.0199999999999995,0.0002420122252246,0.0099999999999997,-0.08,-0.4859000000000009,policy_easing
2018-09-26,FOMC_statement,https://www.federalreserve.gov/newsevents/pressreleases/monetary20180926a.htm,2018-09-25,2018-09-26,0.0,-0.002991700774219,-0.04,0.4700000000000006,-0.0463000000000022,no_rate_surprise
2018-10-24,Beige_Book,https://www.federalreserve.gov/monetarypolicy/beigebook201810.htm,2018-10-23,2018-10-24,-0.0500000000000002,-0.0302988120093657,-0.0199999999999995,4.52,0.210400000000007,info_negative
2018-11-08,FOMC_statement,https://www.federalreserve.gov/newsevents/pressreleases/monetary20181108a.htm,2018-11-07,2018-11-08,0.02,-0.0018148048020986,0.0,0.3599999999999994,0.3958999999999975,policy_tightening
2018-12-05,Beige_Book,https://www.federalreserve.gov/monetarypolicy/beigebook201812.htm,2018-12-04,2018-12-06,-0.0499999999999998,-0.0015169493618242,0.0099999999999997,0.4500000000000028,0.3963000000000107,info_negative
2018-12-19,FOMC_statement,https://www.federalreserve.gov/newsevents/pressreleases/monetary20181219a.htm,2018-12-18,2018-12-19,-0.02,-0.0149755868353874,-0.0299999999999998,0.0,-0.3451000000000022,info_negative
2019-01-16,Beige_Book,https://www.federalreserve.gov/monetarypolicy/beigebook201901.htm,2019-01-15,2019-01-16,0.02,0.0024200081435652,-0.0100000000000002,0.4399999999999977,-0.2031999999999953,info_positive
2019-01-30,FOMC_statement,https://www.federalreserve.gov/newsevents/pressreleases/monetary20190130a.htm,2019-01-29,2019-01-30,-0.04,0.0158306819678526,0.02,-1.4699999999999989,0.0471000000000003,policy_easing
2019-03-06,Beige_Book,https://www.federalreserve.gov/monetarypolicy/beigebook201903.htm,2019-03-05,2019-03-06,-0.0299999999999998,-0.0060569789196887,-4.440892098500626e-16,1.0,0.1674000000000006,info_negative
2019-03-20,FOMC_statement,https://www.federalreserve.gov/newsevents/pressreleases/monetary20190320a.htm,2019-03-19,2019-03-20,-0.06,-0.0030099988923126,-0.0099999999999997,0.3499999999999996,-0.0815000000000054,info_negative
2019-04-17,Beige_Book,https://www.federalreserve.gov/monetarypolicy/beigebook201904.htm,2019-04-16,2019-04-17,-0.0100000000000002,-0.0024472389813671,0.0,0.4199999999999999,-0.1615000000000037,info_negative
2019-05-01,FOMC_statement,https://www.federalreserve.gov/newsevents/pressreleases/monetary20190501a.htm,2019-04-30,2019-05-01,0.04,-0.0075163381327524,-0.0299999999999998,1.6800000000000015,-0.3259000000000043,policy_tightening
2019-06-05,Beige_Book,https://www.federalreserve.gov/monetarypolicy/beigebook201906.htm,2019-06-04,2019-06-05,-0.0499999999999998,0.0086620800239625,0.0499999999999998,-0.879999999999999,-0.0609999999999928,policy_easing
2019-06-19,FOMC_statement,https://www.federalreserve.gov/newsevents/pressreleases/monetary20190619a.htm,2019-06-18,2019-06-19,-0.1200000000000001,0.0022569280897177,0.0899999999999998,-0.8200000000000003,-0.0908000000000015,policy_easing
2019-07-17,Beige_Book,https://www.federalreserve.gov/monetarypolicy/beigebook201907.htm,2019-07-16,2019-07-17,-0.04,-0.0068049630284909,-0.0299999999999998,1.1100000000000012,-0.1291999999999973,info_negative
2019-07-31,FOMC_statement,https://www.federalreserve.gov/newsevents/pressreleases/monetary20190731a.htm,2019-07-30,2019-07-31,0.0399999999999998,-0.0109405631559319,-0.0799999999999998,2.1800000000000015,-0.1264999999999929,policy_tightening
2019-09-04,Beige_Book,https://www.federalreserve.gov/monetarypolicy/beigebook201909.htm,2019-09-03,2019-09-04,-0.04,0.0113501732833578,0.04,-2.330000000000002,-0.6384000000000043,policy_easing
2019-09-18,FOMC_statement,https://www.federalreserve.gov/newsevents/pressreleases/monetary20190918a.htm,2019-09-17,2019-09-18,0.05,0.0005978886880202,-0.06,-0.4900000000000002,-0.0060000000000002,info_positive
2019-10-16,Beige_Book,https://www.federalreserve.gov/monetarypolicy/beigebook201910.htm,2019-10-15,2019-10-16,-0.03,-0.0016059041799999,0.01,0.1400000000000005,-0.1685999999999978,info_negative
2019-10-30,FOMC_statement,https://www.federalreserve.gov/newsevents/pressreleases/monetary20191030a.htm,2019-10-29,2019-10-30,-0.0299999999999998,0.0030670745151195,-0.0300000000000002,-0.8699999999999992,0.1839000000000084,policy_easing
2019-11-27,Beige_Book,https://www.federalreserve.gov/monetarypolicy/beigebook201911.htm,2019-11-26,2019-11-27,0.0499999999999998,0.0044575117567782,-0.0199999999999997,0.2100000000000008,0.0760000000000076,info_positive
2019-12-11,FOMC_statement,https://www.federalreserve.gov/newsevents/pressreleases/monetary20191211a.htm,2019-12-10,2019-12-11,-0.0399999999999998,0.0028386376213433,-0.0200000000000002,-0.6899999999999995,-0.1063999999999936,policy_easing
2020-01-15,Beige_Book,https://www.federalreserve.gov/monetarypolicy/beigebook202001.htm,2020-01-14,2020-01-15,-0.02,0.0022600085435358,-0.01,0.0299999999999993,-0.0711000000000012,policy_easing
2020-01-29,FOMC_statement,https://www.federalreserve.gov/newsevents/pressreleases/monetary20200129a.htm,2020-01-28,2020-01-29,-0.03,-0.0008260129874027,-0.0199999999999997,0.1099999999999994,-0.0236000000000018,info_negative
2020-03-03,FOMC_statement,https://www.federalreserve.gov/newsevents/pressreleases/monetary20200303a.htm,2020-03-02,2020-03-03,-0.13,-0.0286322597752365,0.0499999999999999,3.3999999999999986,-0.3186000000000035,info_negative
2020-03-04,Beige_Book,https://www.federalreserve.gov/monetarypolicy/beigebook202003.htm,2020-03-03,2020-03-04,-0.0399999999999999,0.0420332015725652,0.0399999999999999,-4.830000000000002,0.2843999999999909,policy_easing
2020-03-15,FOMC_statement,https://www.federalreserve.gov/newsevents/pressreleases/monetary20200315a.htm,2020-03-13,2020-03-16,-0.13,-0.1094237801146772,-0.0799999999999999,24.86,0.4963999999999942,info_negative
2020-03-23,FOMC_statement,https://www.federalreserve.gov/newsevents/pressreleases/monetary20200323a.htm,2020-03-20,2020-03-23,-0.0899999999999999,-0.0255681530955701,-0.07,-4.450000000000003,1.1899999999999975,info_negative
2020-04-15,Beige_Book,https://www.federalreserve.gov/monetarypolicy/beigebook202004.htm,2020-04-14,2020-04-15,-0.03,-0.0212482053999444,-0.1,3.0800000000000054,0.9630999999999972,info_negative
2020-04-29,FOMC_statement,https://www.federalreserve.gov/newsevents/pressreleases/monetary20200429a.htm,2020-04-28,2020-04-29,0.0,0.0261785142370154,0.01,-2.34,-0.5910999999999973,no_rate_surprise
2020-05-27,Beige_Book,https://www.federalreserve.gov/monetarypolicy/beigebook202005.htm,2020-05-26,2020-05-27,0.01,0.0148790571633661,-0.0199999999999999,-0.3900000000000005,0.1813000000000073,info_positive
2020-06-10,FOMC_statement,https://www.federalreserve.gov/newsevents/pressreleases/monetary20200610a.htm,2020-06-09,2020-06-10,-0.03,-0.0055797366856507,-0.0599999999999999,0.0,-0.0661999999999949,info_negative
2020-07-15,Beige_Book,https://www.federalreserve.gov/monetarypolicy/beigebook202007.htm,2020-07-14,2020-07-15,0.0199999999999999,0.0091871336072488,-0.01,-1.759999999999998,-0.3569999999999993,info_positive
2020-07-29,FOMC_statement,https://www.federalreserve.gov/newsevents/pressreleases/monetary20200729a.htm,2020-07-28,2020-07-29,-0.02,0.012298757546592,0.01,-1.34,-0.1063000000000045,policy_easing
2020-09-02,Beige_Book,https://www.federalreserve.gov/monetarypolicy/beigebook202009.htm,2020-09-01,2020-09-02,0.01,0.0144640534424036,-0.03,0.4499999999999993,0.4616999999999933,info_positive
2020-09-16,FOMC_statement,https://www.federalreserve.gov/newsevents/pressreleases/monetary20200916a.htm,2020-09-15,2020-09-16,0.0,-0.0039684777954914,0.0099999999999998,0.4499999999999993,-0.2370999999999981,no_rate_surprise
2020-10-21,Beige_Book,https://www.federalreserve.gov/monetarypolicy/beigebook202010.htm,2020-10-20,2020-10-21,0.0,-0.0018931145324199,0.0199999999999999,-0.7000000000000028,-0.3377000000000123,no_rate_surprise
2020-11-05,FOMC_statement,https://www.federalreserve.gov/newsevents/pressreleases/monetary20201105a.htm,2020-11-04,2020-11-05,0.0,0.0195030195505776,0.01,-1.990000000000002,-0.7120999999999924,no_rate_surprise
2020-12-02,Beige_Book,https://www.federalreserve.gov/monetarypolicy/beigebook202012.htm,2020-12-01,2020-12-02,-0.01,0.0021033556029019,0.0399999999999999,0.4000000000000021,-0.1947999999999865,policy_easing
2020-12-16,FOMC_statement,https://www.federalreserve.gov/newsevents/pressreleases/monetary20201216a.htm,2020-12-15,2020-12-16,0.02,0.0015694459750328,-0.02,-0.3900000000000005,-0.1444000000000045,info_positive
2021-01-13,Beige_Book,https://www.federalreserve.gov/monetarypolicy/beigebook202101.htm,2021-01-12,2021-01-13,0.0,0.0026931886484153,-0.0499999999999997,-1.1199999999999974,-0.187899999999999,no_rate_surprise
2021-01-27,FOMC_statement,https://www.federalreserve.gov/newsevents/pressreleases/monetary20210127a.htm,2021-01-26,2021-01-27,0.0099999999999999,-0.0244406039681363,-0.02,14.19,0.4209999999999922,policy_tightening
2021-03-03,Beige_Book,https://www.federalreserve.gov/monetarypolicy/beigebook202103.htm,2021-03-02,2021-03-03,0.01,-0.0132457640023933,0.04,2.5700000000000003,0.2275000000000062,policy_tightening
2021-03-17,FOMC_statement,https://www.federalreserve.gov/newsevents/pressreleases/monetary20210317a.htm,2021-03-16,2021-03-17,-0.0199999999999999,0.0034100555713374,0.0299999999999998,-0.5599999999999987,0.1749999999999971,policy_easing
2021-04-14,Beige_Book,https://www.federalreserve.gov/monetarypolicy/beigebook202104.htm,2021-04-13,2021-04-14,0.0,-0.0034151360008226,0.0,0.3399999999999998,-0.2542000000000115,no_rate_surprise
2021-04-28,FOMC_statement,https://www.federalreserve.gov/newsevents/pressreleases/monetary20210428a.htm,2021-04-27,2021-04-28,0.0,-0.0002874793786113,0.0,-0.2799999999999976,-0.1188000000000073,no_rate_surprise
2021-06-02,Beige_Book,https://www.federalreserve.gov/monetarypolicy/beigebook202106.htm,2021-06-01,2021-06-02,-0.03,0.0015726460286569,-2.220446049250313e-16,-0.4199999999999981,0.0752999999999985,policy_easing
2021-06-16,FOMC_statement,https://www.federalreserve.gov/newsevents/pressreleases/monetary20210616a.htm,2021-06-15,2021-06-16,0.0499999999999999,-0.0055833875159412,0.01,1.129999999999999,-0.2342000000000013,policy_tightening
2021-07-14,Beige_Book,https://www.federalreserve.gov/monetarypolicy/beigebook202107.htm,2021-07-13,2021-07-14,-0.03,0.0014920875507951,-0.0199999999999997,-0.7900000000000027,-0.1261999999999972,policy_easing
2021-07-28,FOMC_statement,https://www.federalreserve.gov/newsevents/pressreleases/monetary20210728a.htm,2021-07-27,2021-07-28,0.0,-0.0004098888302058,0.01,-1.0500000000000007,-0.0420000000000015,no_rate_surprise
2021-09-08,Beige_Book,https://www.federalreserve.gov/monetarypolicy/beigebook202109.htm,2021-09-07,2021-09-08,0.0,-0.0012183208551578,-0.0299999999999998,-0.1799999999999997,0.2523999999999944,no_rate_surprise
2021-09-22,FOMC_statement,https://www.federalreserve.gov/newsevents/pressreleases/monetary20210922a.htm,2021-09-21,2021-09-22,0.03,0.0097547161129991,-0.04,-3.4899999999999984,-0.1955999999999988,info_positive
2021-10-20,Beige_Book,https://www.federalreserve.gov/monetarypolicy/beigebook202110.htm,2021-10-19,2021-10-20,-0.0099999999999999,0.003927700439406,0.01,-0.209999999999999,-0.1387,policy_easing
2021-11-03,FOMC_statement,https://www.federalreserve.gov/newsevents/pressreleases/monetary20211103a.htm,2021-11-02,2021-11-03,0.0099999999999999,0.0061051509925793,0.03,-0.9300000000000016,0.0746000000000037,info_positive
2021-12-01,Beige_Book,https://www.federalreserve.gov/monetarypolicy/beigebook202112.htm,2021-11-30,2021-12-01,0.04,-0.0111071427065968,-0.04,3.93,-0.3181000000000011,policy_tightening
2021-12-15,FOMC_statement,https://www.federalreserve.gov/newsevents/pressreleases/monetary20211215a.htm,2021-12-14,2021-12-15,0.0199999999999999,0.0156251810949672,0.0100000000000001,-2.6000000000000014,0.1821999999999946,info_positive
2022-01-12,Beige_Book,https://www.federalreserve.gov/monetarypolicy/beigebook202201.htm,2022-01-11,2022-01-12,0.02,0.0027035183644334,-0.03,-0.7899999999999991,-0.478200000000001,info_positive
2022-01-26,FOMC_statement,https://www.federalreserve.gov/newsevents/pressreleases/monetary20220126a.htm,2022-01-25,2022-01-26,0.1099999999999998,-0.0025088842631563,-0.0399999999999998,0.8000000000000007,-0.0731999999999999,policy_tightening
2022-03-02,Beige_Book,https://www.federalreserve.gov/monetarypolicy/beigebook202203.htm,2022-03-01,2022-03-02,0.1899999999999999,0.0183963259697139,-0.0499999999999998,-2.580000000000002,-0.0339000000000027,info_positive
2022-03-16,FOMC_statement,https://www.federalreserve.gov/newsevents/pressreleases/monetary20220316a.htm,2022-03-15,2022-03-16,0.0999999999999998,0.0221741152188521,-0.0599999999999998,-3.1599999999999966,-0.4386999999999972,info_positive
2022-04-20,Beige_Book,https://www.federalreserve.gov/monetarypolicy/beigebook202204.htm,2022-04-19,2022-04-20,-0.0099999999999997,-0.0007415658598683,-0.0700000000000002,-1.0500000000000007,-0.4018000000000086,info_negative
2022-05-04,FOMC_statement,https://www.federalreserve.gov/newsevents/pressreleases/monetary20220504a.htm,2022-05-03,2022-05-04,-0.1199999999999996,0.0304528920711621,0.0799999999999996,-3.8299999999999983,-0.1450999999999993,policy_easing
2022-06-01,Beige_Book,https://www.federalreserve.gov/monetarypolicy/beigebook202206.htm,2022-05-31,2022-06-01,0.1300000000000003,-0.0080884658827306,-0.0400000000000004,-0.5,0.625,policy_tightening
2022-06-15,FOMC_statement,https://www.federalreserve.gov/newsevents/pressreleases/monetary20220615a.htm,2022-06-14,2022-06-15,-0.25,0.0142564398379829,0.0899999999999998,-3.0699999999999967,-0.0266000000000019,policy_easing
2022-07-13,Beige_Book,https://www.federalreserve.gov/monetarypolicy/beigebook202207.htm,2022-07-12,2022-07-13,0.1,-0.0052516167941162,-0.1499999999999999,-0.4699999999999988,-0.1689999999999969,policy_tightening
2022-07-27,FOMC_statement,https://www.federalreserve.gov/newsevents/pressreleases/monetary20220727a.htm,2022-07-26,2022-07-27,-0.06,0.0259662690199429,0.0299999999999998,-1.4500000000000028,0.058800000000005,policy_easing
2022-09-07,Beige_Book,https://www.federalreserve.gov/monetarypolicy/beigebook202209.htm,2022-09-06,2022-09-07,-0.0499999999999998,0.0179648103960252,-0.0100000000000002,-2.2699999999999996,0.0738000000000056,policy_easing
2022-09-21,FOMC_statement,https://www.federalreserve.gov/newsevents/pressreleases/monetary20220921a.htm,2022-09-20,2022-09-21,0.0599999999999996,-0.017443877980755,-0.1199999999999996,0.8299999999999983,0.6151000000000124,policy_tightening
2022-10-19,Beige_Book,https://www.federalreserve.gov/monetarypolicy/beigebook202210.htm,2022-10-18,2022-10-19,0.1200000000000001,-0.00708628411589,0.0099999999999997,0.2600000000000015,0.4815000000000111,policy_tightening
2022-11-02,FOMC_statement,https://www.federalreserve.gov/newsevents/pressreleases/monetary20221102a.htm,2022-11-01,2022-11-02,0.0700000000000002,-0.0250962244013074,-0.0400000000000009,0.0500000000000007,-0.0872000000000099,policy_tightening
2022-11-30,Beige_Book,https://www.federalreserve.gov/monetarypolicy/beigebook202211.htm,2022-11-29,2022-11-30,-0.1000000000000005,0.0315006244506395,0.0300000000000006,-1.3100000000000025,-0.1440000000000054,policy_easing
2022-12-14,FOMC_statement,https://www.federalreserve.gov/newsevents/pressreleases/monetary20221214a.htm,2022-12-13,2022-12-14,0.0100000000000006,-0.0063936103618651,-0.0300000000000002,-1.41,-0.0267000000000052,policy_tightening
2023-01-18,Beige_Book,https://www.federalreserve.gov/monetarypolicy/beigebook202301.htm,2023-01-17,2023-01-18,-0.1200000000000001,-0.0157878241729815,-0.0399999999999995,0.9800000000000004,-0.1366000000000014,info_negative
2023-02-01,FOMC_statement,https://www.federalreserve.gov/newsevents/pressreleases/monetary20230201a.htm,2023-01-31,2023-02-01,-0.1200000000000001,0.0106277313483134,-0.0099999999999997,-1.5299999999999976,-0.3542999999999949,policy_easing
2023-03-08,Beige_Book,https://www.federalreserve.gov/monetarypolicy/beigebook202303.htm,2023-03-07,2023-03-08,0.0499999999999998,0.0016320626014529,-0.04,-0.4800000000000004,-0.0112000000000023,info_positive
2023-03-22,FOMC_statement,https://www.federalreserve.gov/newsevents/pressreleases/monetary20230322a.htm,2023-03-21,2023-03-22,-0.2099999999999999,-0.0170462683401612,0.1,0.8800000000000026,-0.27409999999999,info_negative
2023-04-19,Beige_Book,https://www.federalreserve.gov/monetarypolicy/beigebook202304.htm,2023-04-18,2023-04-19,0.0499999999999998,-0.0001691017679462,-0.0299999999999998,-0.3699999999999974,0.1980999999999966,policy_tightening
2023-05-03,FOMC_statement,https://www.federalreserve.gov/newsevents/pressreleases/monetary20230503a.htm,2023-05-02,2023-05-03,-0.08,-0.0068640545725422,0.02,0.5599999999999987,-0.4872000000000014,info_negative
2023-05-31,Beige_Book,https://www.federalreserve.gov/monetarypolicy/beigebook20230531.htm,2023-05-30,2023-05-31,-0.0599999999999996,-0.0055451123694725,0.0099999999999997,0.4800000000000004,0.411600000000007,info_negative
2023-06-14,FOMC_statement,https://www.federalreserve.gov/newsevents/pressreleases/monetary20230614a.htm,2023-06-13,2023-06-14,0.0700000000000002,0.0011906434010635,-0.08,-0.7299999999999986,-0.4138999999999981,info_positive
2023-07-12,Beige_Book,https://www.federalreserve.gov/monetarypolicy/beigebook202307.htm,2023-07-11,2023-07-12,-0.1600000000000001,0.0080457547443013,0.0299999999999998,-1.3000000000000007,-1.0959000000000003,policy_easing
2023-07-26,FOMC_statement,https://www.federalreserve.gov/newsevents/pressreleases/monetary20230726a.htm,2023-07-25,2023-07-26,-0.0299999999999993,0.0001536415196279,-0.0200000000000009,-0.6699999999999999,-0.0964999999999918,policy_easing
2023-09-06,Beige_Book,https://www.federalreserve.gov/monetarypolicy/beigebook202309.htm,2023-09-05,2023-09-06,0.0699999999999994,-0.0067224434079588,-0.0399999999999991,0.4399999999999995,0.4325999999999936,policy_tightening
2023-09-20,FOMC_statement,https://www.federalreserve.gov/newsevents/pressreleases/monetary20230920a.htm,2023-09-19,2023-09-20,0.04,-0.0091934068546346,-0.0600000000000005,1.0300000000000011,-0.1997000000000071,policy_tightening
2023-10-18,Beige_Book,https://www.federalreserve.gov/monetarypolicy/beigebook202310.htm,2023-10-17,2023-10-18,0.0,-0.0133250214234866,0.08,1.34,0.6946000000000083,no_rate_surprise
2023-11-01,FOMC_statement,https://www.federalreserve.gov/newsevents/pressreleases/monetary20231101a.htm,2023-10-31,2023-11-01,-0.1200000000000001,0.0106647688023227,0.0099999999999997,-1.2699999999999996,-0.0442000000000035,policy_easing
2023-11-29,Beige_Book,https://www.federalreserve.gov/monetarypolicy/beigebook202311.htm,2023-11-28,2023-11-29,-0.0900000000000007,-0.000703363307513,0.0200000000000004,0.2900000000000009,0.2254999999999967,info_negative
2023-12-13,FOMC_statement,https://www.federalreserve.gov/newsevents/pressreleases/monetary20231213a.htm,2023-12-12,2023-12-13,-0.2700000000000004,0.0137902003899015,0.1100000000000003,0.1199999999999992,0.4753999999999934,policy_easing
2024-01-17,Beige_Book,https://www.federalreserve.gov/monetarypolicy/beigebook202401-summary.htm,2024-01-16,2024-01-17,0.1200000000000001,-0.00555869468975,-0.0900000000000007,0.9499999999999992,0.4642999999999944,policy_tightening
2024-01-31,FOMC_statement,https://www.federalreserve.gov/newsevents/pressreleases/monetary20240131a.htm,2024-01-30,2024-01-31,-0.0900000000000007,-0.0163172605472354,0.0200000000000013,1.0399999999999991,-0.1694000000000102,info_negative
2024-03-06,Beige_Book,https://www.federalreserve.gov/monetarypolicy/beigebook202402-summary.htm,2024-03-05,2024-03-06,0.0099999999999997,0.0050671912522999,-0.0299999999999993,0.0399999999999991,-0.4197000000000059,info_positive
2024-03-20,FOMC_statement,https://www.federalreserve.gov/newsevents/pressreleases/monetary20240320a.htm,2024-03-19,2024-03-20,-0.0899999999999998,0.0092492808069766,0.0599999999999996,-0.7800000000000011,-0.0043000000000006,policy_easing
2024-04-17,Beige_Book,https://www.federalreserve.gov/monetarypolicy/beigebook202404-summary.htm,2024-04-16,2024-04-17,-0.04,-0.0059183000110355,-0.04,-0.1899999999999977,-0.1026999999999986,info_negative
2024-05-01,FOMC_statement,https://www.federalreserve.gov/newsevents/pressreleases/monetary20240501a.htm,2024-04-30,2024-05-01,-0.08,-0.0032470256877585,0.0199999999999995,-0.2599999999999998,0.0315000000000083,info_negative
2024-05-29,Beige_Book,https://www.federalreserve.gov/monetarypolicy/beigebook202405-summary.htm,2024-05-28,2024-05-29,0.0199999999999995,-0.0070026289583889,0.0500000000000007,1.3599999999999994,0.734099999999998,policy_tightening
2024-06-12,FOMC_statement,https://www.federalreserve.gov/newsevents/pressreleases/monetary20240612a.htm,2024-06-11,2024-06-12,-0.0599999999999996,0.0082132270813644,-0.0200000000000004,-0.8100000000000005,-0.2053999999999973,policy_easing
2024-07-17,Beige_Book,https://www.federalreserve.gov/monetarypolicy/beigebook202407-summary.htm,2024-07-16,2024-07-17,-0.0099999999999997,-0.0140209069223181,0.0,1.290000000000001,-0.2083999999999974,info_negative
2024-07-31,FOMC_statement,https://www.federalreserve.gov/newsevents/pressreleases/monetary20240731a.htm,2024-07-30,2024-07-31,-0.0599999999999996,0.0162544999767717,-8.881784197001252e-16,-1.3300000000000018,-0.6482000000000028,policy_easing
2024-09-04,Beige_Book,https://www.federalreserve.gov/monetarypolicy/beigebook202408-summary.htm,2024-09-03,2024-09-04,-0.1200000000000001,-0.0020467179064785,0.0500000000000002,0.6000000000000014,-0.2667000000000001,info_negative
2024-09-18,FOMC_statement,https://www.federalreserve.gov/newsevents/pressreleases/monetary20240918a.htm,2024-09-17,2024-09-18,0.02,-0.0029657140289136,0.0300000000000002,0.620000000000001,-0.0412999999999925,policy_tightening
2024-10-23,Beige_Book,https://www.federalreserve.gov/monetarypolicy/beigebook202410-summary.htm,2024-10-22,2024-10-23,0.04,-0.0091372589974259,0.0,1.0399999999999991,0.2823999999999955,policy_tightening
2024-11-07,FOMC_statement,https://www.federalreserve.gov/newsevents/pressreleases/monetary20241107a.htm,2024-11-06,2024-11-07,-0.0599999999999996,0.0077320619787468,-0.0500000000000007,-1.0700000000000005,-0.9284999999999995,policy_easing
2024-12-04,Beige_Book,https://www.federalreserve.gov/monetarypolicy/beigebook202411-summary.htm,2024-12-03,2024-12-04,-0.04,0.0062096144023777,0.0,0.1499999999999985,-0.1991000000000014,policy_easing
2024-12-18,FOMC_statement,https://www.federalreserve.gov/newsevents/pressreleases/monetary20241218a.htm,2024-12-17,2024-12-18,0.0999999999999996,-0.0298033611475635,0.0,11.750000000000002,0.1375000000000028,policy_tightening
2025-01-15,Beige_Book,https://www.federalreserve.gov/monetarypolicy/beigebook202501-summary.htm,2025-01-14,2025-01-15,-0.1000000000000005,0.0181898136403821,-0.0199999999999995,-2.59,-0.171999999999997,policy_easing
2025-01-29,FOMC_statement,https://www.federalreserve.gov/newsevents/pressreleases/monetary20250129a.htm,2025-01-28,2025-01-29,0.0199999999999995,-0.0044827622326563,-0.0199999999999995,0.1499999999999985,0.0601000000000055,policy_tightening
2025-03-05,Beige_Book,https://www.federalreserve.gov/monetarypolicy/beigebook202502-summary.htm,2025-03-04,2025-03-05,0.0300000000000002,0.0107478396111659,0.0300000000000002,-1.5800000000000018,-1.492599999999996,info_positive
2025-03-19,FOMC_statement,https://www.federalreserve.gov/newsevents/pressreleases/monetary20250319a.htm,2025-03-18,2025-03-19,-0.0499999999999998,0.0108907353393075,0.0099999999999997,-1.8000000000000007,0.3126000000000033,policy_easing
2025-04-23,Beige_Book,https://www.federalreserve.gov/monetarypolicy/beigebook202504-summary.htm,2025-04-22,2025-04-23,0.0500000000000002,0.0154953629188225,-0.06,-2.120000000000001,0.6076999999999941,info_positive
2025-05-07,FOMC_statement,https://www.federalreserve.gov/newsevents/pressreleases/monetary20250507a.htm,2025-05-06,2025-05-07,0.0,0.0042055275622716,-0.04,-1.2100000000000009,0.0752999999999985,no_rate_surprise
2025-06-04,Beige_Book,https://www.federalreserve.gov/monetarypolicy/beigebook202505-summary.htm,2025-06-03,2025-06-04,-0.0899999999999998,-0.0002684085986693,0.0,-0.0800000000000018,-0.4052999999999969,info_negative
2025-06-18,FOMC_statement,https://www.federalreserve.gov/newsevents/pressreleases/monetary20250618a.htm,2025-06-17,2025-06-18,0.0,-0.0001507130904417,-0.0099999999999997,-1.4600000000000009,0.2257000000000033,no_rate_surprise
2025-07-16,Beige_Book,https://www.federalreserve.gov/monetarypolicy/beigebook202507-summary.htm,2025-07-15,2025-07-16,-0.0700000000000002,0.0033431741923299,0.0300000000000002,-0.2199999999999988,-0.0929999999999893,policy_easing
2025-07-30,FOMC_statement,https://www.federalreserve.gov/newsevents/pressreleases/monetary20250730a.htm,2025-07-29,2025-07-30,0.08,-0.0012592724779846,-0.04,-0.5,0.4368000000000052,policy_tightening
2025-09-03,Beige_Book,https://www.federalreserve.gov/monetarypolicy/beigebook202508-summary.htm,2025-09-02,2025-09-03,-0.0500000000000002,0.0054195461630077,-0.0100000000000002,-0.8200000000000003,-0.1784999999999996,policy_easing
2025-09-17,FOMC_statement,https://www.federalreserve.gov/newsevents/pressreleases/monetary20250917a.htm,2025-09-16,2025-09-17,0.0100000000000002,-0.0012423635595048,0.0099999999999993,-0.6399999999999988,0.0233999999999952,policy_tightening
2025-10-15,Beige_Book,https://www.federalreserve.gov/monetarypolicy/beigebook202510-summary.htm,2025-10-14,2025-10-15,0.02,0.0044395299096053,-4.440892098500626e-16,-0.1699999999999981,-0.3179999999999978,info_positive
2025-10-29,FOMC_statement,https://www.federalreserve.gov/newsevents/pressreleases/monetary20251029a.htm,2025-10-28,2025-10-29,0.1199999999999996,0.000480370638686,-0.0299999999999998,0.5,-0.1049000000000006,info_positive
2025-11-26,Beige_Book,https://www.federalreserve.gov/monetarypolicy/beigebook202511-summary.htm,2025-11-25,2025-11-26,0.02,0.006903490619724,-0.0299999999999998,-1.3699999999999974,-0.3897999999999939,info_positive
2025-12-10,FOMC_statement,https://www.federalreserve.gov/newsevents/pressreleases/monetary20251210a.htm,2025-12-09,2025-12-10,-0.0699999999999998,0.0066322352527572,0.02,-1.16,-0.0079999999999955,policy_easing
2026-01-14,Beige_Book,https://www.federalreserve.gov/monetarypolicy/beigebook202601-summary.htm,2026-01-13,2026-01-14,-0.02,-0.0049151644595419,-0.0099999999999993,0.7699999999999996,-0.1864000000000061,info_negative
2026-01-28,FOMC_statement,https://www.federalreserve.gov/newsevents/pressreleases/monetary20260128a.htm,2026-01-27,2026-01-28,0.0300000000000002,-0.0001006645803248,-0.0100000000000006,0.0,0.0594000000000107,policy_tightening
2026-03-04,Beige_Book,https://www.federalreserve.gov/monetarypolicy/beigebook202602-summary.htm,2026-03-03,2026-03-04,0.0300000000000002,0.0070552657674944,0.0,-2.4200000000000017,-0.3636000000000052,info_positive
2026-03-18,FOMC_statement,https://www.federalreserve.gov/newsevents/pressreleases/monetary20260318a.htm,2026-03-17,2026-03-18,0.0799999999999996,-0.0139536445152571,-0.02,2.719999999999999,0.0947999999999922,policy_tightening
2026-04-15,Beige_Book,https://www.federalreserve.gov/monetarypolicy/beigebook202604-summary.htm,2026-04-14,2026-04-15,0.0,0.0078909692270439,0.0300000000000002,-0.1899999999999977,0.0042000000000115,no_rate_surprise
2026-04-29,FOMC_statement,https://www.federalreserve.gov/newsevents/pressreleases/monetary20260429a.htm,2026-04-28,2026-04-29,0.08,-0.0001545093249859,-0.0200000000000004,0.9800000000000004,0.325800000000001,policy_tightening
2026-06-03,Beige_Book,https://www.federalreserve.gov/monetarypolicy/beigebook202605-summary.htm,2026-06-02,2026-06-03,0.0300000000000002,-0.0070171823204998,0.0,0.2899999999999991,0.3489000000000004,policy_tightening
2026-06-17,FOMC_statement,https://www.federalreserve.gov/newsevents/pressreleases/monetary20260617a.htm,2026-06-16,2026-06-17,0.1500000000000003,-0.0124878708850514,-0.0899999999999998,2.030000000000001,0.1311000000000035,policy_tightening
2026-07-15,Beige_Book,https://www.federalreserve.gov/monetarypolicy/beigebook202607-summary.htm,2026-07-14,2026-07-15,-0.0499999999999998,0.003963635929681,0.0199999999999995,-0.8300000000000001,-0.1640000000000014,policy_easing
