window,level,group,rho,ci_lo,ci_hi,n_events,n_rows
1,pooled,ALL,0.008080399047934709,-0.026538456857946785,0.046937707735755875,348,3256
1,by_sector,XLK,-0.03344943102345894,-0.14744989537239817,0.07496063599399834,348,349
1,by_sector,XLC,0.21337126600284495,-0.10723218331209475,0.5059288061421375,37,37
1,by_sector,XLY,-0.023539619354064775,-0.13592700183780662,0.0790155197714767,348,349
1,by_sector,XLP,-0.057658959792556,-0.1653537584056812,0.04409983624650746,348,349
1,by_sector,XLV,-0.1222144064627229,-0.22502282232819745,-0.014600283342361279,348,349
1,by_sector,XLF,0.07966703843330986,-0.028078209016932164,0.18773098548309353,348,349
1,by_sector,XLI,0.07814842310231863,-0.031035717261910213,0.19054248219930128,348,349
1,by_sector,XLB,-0.018564810279741224,-0.12045764108119573,0.09229604600770432,348,349
1,by_sector,XLE,0.03731269127502785,-0.07784736122520865,0.1489345888370617,348,349
1,by_sector,XLU,0.0605584766373345,-0.04454372817194745,0.1583333262427174,348,349
1,by_sector,XLRE,-0.018554471661367908,-0.22879776680699845,0.19981279930466714,78,78
1,by_shock_type,policy_easing,-0.038410954715547646,-0.12523608821494284,0.04617572965546076,80,745
1,by_shock_type,no_rate_surprise,0.06762231347641136,-0.03690207539771615,0.1749720698722156,49,459
1,by_shock_type,policy_tightening,0.05079462862129555,-0.06117378386414338,0.15336019889362948,56,517
1,by_shock_type,info_positive,6.310116251631855e-05,-0.06907409748510732,0.06637513780946906,90,842
1,by_shock_type,info_negative,0.002586489162360134,-0.07199132940290558,0.07625117421188236,73,693
1,sector_x_shock,XLK|policy_easing,-0.06447567365273679,,,80,80
1,sector_x_shock,XLK|no_rate_surprise,0.34824093782635657,,,49,49
1,sector_x_shock,XLK|policy_tightening,0.10991301971905061,,,56,56
1,sector_x_shock,XLK|info_positive,0.02893034182101728,,,91,91
1,sector_x_shock,XLK|info_negative,-0.2948599284215723,,,73,73
1,sector_x_shock,XLC|policy_easing,0.049999999999999996,,,9,9
1,sector_x_shock,XLC|no_rate_surprise,0.14285714285714288,,,6,6
1,sector_x_shock,XLC|policy_tightening,,,,3,3
1,sector_x_shock,XLC|info_positive,0.09999999999999999,,,5,5
1,sector_x_shock,XLC|info_negative,0.3186813186813187,,,14,14
1,sector_x_shock,XLY|policy_easing,-0.06349113328065356,,,80,80
1,sector_x_shock,XLY|no_rate_surprise,0.2189453280898016,,,49,49
1,sector_x_shock,XLY|policy_tightening,0.02050580997949419,,,56,56
1,sector_x_shock,XLY|info_positive,0.08128909470106463,,,91,91
1,sector_x_shock,XLY|info_negative,-0.1834814266321116,,,73,73
1,sector_x_shock,XLP|policy_easing,-0.14570110822296686,,,80,80
1,sector_x_shock,XLP|no_rate_surprise,-0.24626218587275822,,,49,49
1,sector_x_shock,XLP|policy_tightening,-0.021497291481120284,,,56,56
1,sector_x_shock,XLP|info_positive,-0.11178754155888813,,,91,91
1,sector_x_shock,XLP|info_negative,0.09675428853511045,,,73,73
1,sector_x_shock,XLV|policy_easing,-0.1463214524415136,,,80,80
1,sector_x_shock,XLV|no_rate_surprise,-0.4260889703181097,,,49,49
1,sector_x_shock,XLV|policy_tightening,0.12273775999691179,,,56,56
1,sector_x_shock,XLV|info_positive,-0.21639226772483441,,,91,91
1,sector_x_shock,XLV|info_negative,-0.03680735530050599,,,73,73
1,sector_x_shock,XLF|policy_easing,0.056998857234304194,,,80,80
1,sector_x_shock,XLF|no_rate_surprise,0.06692532577960818,,,49,49
1,sector_x_shock,XLF|policy_tightening,0.09655148848730118,,,56,56
1,sector_x_shock,XLF|info_positive,0.18623578526021556,,,91,91
1,sector_x_shock,XLF|info_negative,-0.012619172509168934,,,73,73
1,sector_x_shock,XLI|policy_easing,-0.10424712696235848,,,80,80
1,sector_x_shock,XLI|no_rate_surprise,0.290897967518652,,,49,49
1,sector_x_shock,XLI|policy_tightening,-0.0026999777853871265,,,56,56
1,sector_x_shock,XLI|info_positive,0.07071471234349251,,,91,91
1,sector_x_shock,XLI|info_negative,0.0503208688140195,,,73,73
1,sector_x_shock,XLB|policy_easing,-0.05722054876798056,,,80,80
1,sector_x_shock,XLB|no_rate_surprise,0.09954843512076507,,,49,49
1,sector_x_shock,XLB|policy_tightening,-0.020369104579630898,,,56,56
1,sector_x_shock,XLB|info_positive,-0.16655982609399178,,,91,91
1,sector_x_shock,XLB|info_negative,0.04945699123781317,,,73,73
1,sector_x_shock,XLE|policy_easing,0.03936989416461424,,,80,80
1,sector_x_shock,XLE|no_rate_surprise,0.07719978592399669,,,49,49
1,sector_x_shock,XLE|policy_tightening,0.16425153793574848,,,56,56
1,sector_x_shock,XLE|info_positive,0.01763865054495084,,,91,91
1,sector_x_shock,XLE|info_negative,-0.07407750215969396,,,73,73
1,sector_x_shock,XLU|policy_easing,0.04925421264454391,,,80,80
1,sector_x_shock,XLU|no_rate_surprise,-0.22439230172333954,,,49,49
1,sector_x_shock,XLU|policy_tightening,0.029258455595351784,,,56,56
1,sector_x_shock,XLU|info_positive,0.1475355011602668,,,91,91
1,sector_x_shock,XLU|info_negative,0.1478058978444748,,,73,73
1,sector_x_shock,XLRE|policy_easing,-0.12214867177384148,,,16,16
1,sector_x_shock,XLRE|no_rate_surprise,-0.1091782866852867,,,12,12
1,sector_x_shock,XLRE|policy_tightening,-0.35757575757575755,,,10,10
1,sector_x_shock,XLRE|info_positive,-0.23632610939112486,,,18,18
1,sector_x_shock,XLRE|info_negative,0.36384186597751206,,,22,22
3,pooled,ALL,-0.007909344078096696,-0.04431237001236579,0.03006344164468875,348,3256
3,by_sector,XLK,-0.032471548349759904,-0.1413441756099878,0.06776543149646404,348,349
3,by_sector,XLC,0.2588904694167852,-0.056264562712065924,0.5336337324039103,37,37
3,by_sector,XLY,0.04622669659410162,-0.061427421864261735,0.15606863830397197,348,349
3,by_sector,XLP,-0.07661165251705188,-0.17839519353309238,0.031679953537393134,348,349
3,by_sector,XLV,-0.004440279907864444,-0.10610985675166543,0.10107856801219707,348,349
3,by_sector,XLF,-0.03955686520855221,-0.14902656954894128,0.07437201584996649,348,349
3,by_sector,XLI,0.03301727366731581,-0.08786967406291121,0.14544067097417923,348,349
3,by_sector,XLB,-0.03248128994703747,-0.13651085396650434,0.07381497762688173,348,349
3,by_sector,XLE,0.058662519510379166,-0.04650558133211348,0.17037545556393915,348,349
3,by_sector,XLU,-0.06518235592165608,-0.1672907464967347,0.034509802058855926,348,349
3,by_sector,XLRE,-0.09683233472353966,-0.3130552355430895,0.1307337659547421,78,78
3,by_shock_type,policy_easing,-0.017176925363958595,-0.0941084010476856,0.06090630712739813,80,745
3,by_shock_type,no_rate_surprise,0.0087024289295151,-0.09844885501603295,0.12251082864725912,49,459
3,by_shock_type,policy_tightening,0.014542127214876568,-0.07710173350597999,0.10148651266782467,56,517
3,by_shock_type,info_positive,-0.011558910636139917,-0.06693508796378975,0.045629590719070766,90,842
3,by_shock_type,info_negative,-0.045660838975894825,-0.13199121187999965,0.04760454716975955,73,693
3,sector_x_shock,XLK|policy_easing,-0.013138925679825112,,,80,80
3,sector_x_shock,XLK|no_rate_surprise,-0.05025894853611153,,,49,49
3,sector_x_shock,XLK|policy_tightening,-0.04576291461561218,,,56,56
3,sector_x_shock,XLK|info_positive,-0.01626087475874409,,,91,91
3,sector_x_shock,XLK|info_negative,-0.019776625941009505,,,73,73
3,sector_x_shock,XLC|policy_easing,-0.39999999999999997,,,9,9
3,sector_x_shock,XLC|no_rate_surprise,0.2,,,6,6
3,sector_x_shock,XLC|policy_tightening,,,,3,3
3,sector_x_shock,XLC|info_positive,0.7,,,5,5
3,sector_x_shock,XLC|info_negative,0.3626373626373627,,,14,14
3,sector_x_shock,XLY|policy_easing,0.029606535474788795,,,80,80
3,sector_x_shock,XLY|no_rate_surprise,0.24073270984098902,,,49,49
3,sector_x_shock,XLY|policy_tightening,0.11421736158578263,,,56,56
3,sector_x_shock,XLY|info_positive,0.06398490163823026,,,91,91
3,sector_x_shock,XLY|info_negative,0.05491793163026041,,,73,73
3,sector_x_shock,XLP|policy_easing,0.14510334806534708,,,80,80
3,sector_x_shock,XLP|no_rate_surprise,-0.1648211480250744,,,49,49
3,sector_x_shock,XLP|policy_tightening,-0.1728327551987683,,,56,56
3,sector_x_shock,XLP|info_positive,-0.09396587764602363,,,91,91
3,sector_x_shock,XLP|info_negative,-0.03146982599037394,,,73,73
3,sector_x_shock,XLV|policy_easing,0.008720214724165821,,,80,80
3,sector_x_shock,XLV|no_rate_surprise,-0.11023501927022603,,,49,49
3,sector_x_shock,XLV|policy_tightening,0.19232675452593226,,,56,56
3,sector_x_shock,XLV|info_positive,-0.06528239533407641,,,91,91
3,sector_x_shock,XLV|info_negative,-0.08746760459089227,,,73,73
3,sector_x_shock,XLF|policy_easing,0.10030767431856372,,,80,80
3,sector_x_shock,XLF|no_rate_surprise,-0.12011845275317927,,,49,49
3,sector_x_shock,XLF|policy_tightening,-0.030793943761790576,,,56,56
3,sector_x_shock,XLF|info_positive,-0.03747650754445286,,,91,91
3,sector_x_shock,XLF|info_negative,-0.04862546668569741,,,73,73
3,sector_x_shock,XLI|policy_easing,-0.06172311340046996,,,80,80
3,sector_x_shock,XLI|no_rate_surprise,0.12421853560357876,,,49,49
3,sector_x_shock,XLI|policy_tightening,0.11565474462974727,,,56,56
3,sector_x_shock,XLI|info_positive,0.01743977703065863,,,91,91
3,sector_x_shock,XLI|info_negative,-0.07395409107737876,,,73,73
3,sector_x_shock,XLB|policy_easing,-0.054735756400341916,,,80,80
3,sector_x_shock,XLB|no_rate_surprise,0.07174018440789118,,,49,49
3,sector_x_shock,XLB|policy_tightening,0.10382775119617225,,,56,56
3,sector_x_shock,XLB|info_positive,-0.0776180256711674,,,91,91
3,sector_x_shock,XLB|info_negative,-0.1479390349253363,,,73,73
3,sector_x_shock,XLE|policy_easing,0.03365018343155923,,,80,80
3,sector_x_shock,XLE|no_rate_surprise,0.14659285192309485,,,49,49
3,sector_x_shock,XLE|policy_tightening,0.2272727272727273,,,56,56
3,sector_x_shock,XLE|info_positive,0.010185026657784256,,,91,91
3,sector_x_shock,XLE|info_negative,-0.14133654202147355,,,73,73
3,sector_x_shock,XLU|policy_easing,-0.03857582432489148,,,80,80
3,sector_x_shock,XLU|no_rate_surprise,-0.18553603850776945,,,49,49
3,sector_x_shock,XLU|policy_tightening,-0.20945772884149033,,,56,56
3,sector_x_shock,XLU|info_positive,0.0940563707801755,,,91,91
3,sector_x_shock,XLU|info_negative,-0.09658832339048708,,,73,73
3,sector_x_shock,XLRE|policy_easing,-0.1398087207049993,,,16,16
3,sector_x_shock,XLRE|no_rate_surprise,-0.014557104891371558,,,12,12
3,sector_x_shock,XLRE|policy_tightening,-0.5515151515151515,,,10,10
3,sector_x_shock,XLRE|info_positive,-0.08771929824561403,,,18,18
3,sector_x_shock,XLRE|info_negative,0.10903956542493763,,,22,22
21,pooled,ALL,-0.015296662546438772,-0.0529277692018509,0.021991713665162248,348,3256
21,by_sector,XLK,-0.09104146974863613,-0.1916869684296258,0.016562882925167006,348,349
21,by_sector,XLC,0.18990042674253202,-0.19367013193708144,0.537353073055912,37,37
21,by_sector,XLY,0.017665830027382968,-0.09797286059695466,0.1343866338676181,348,349
21,by_sector,XLP,0.011554912228021847,-0.09356914985226883,0.12193487308748847,348,349
21,by_sector,XLV,-0.11835185132003388,-0.21536693383695132,-0.01794384308650745,348,349
21,by_sector,XLF,0.10403842159710554,-0.003454986332843728,0.20436900405040911,348,349
21,by_sector,XLI,0.05169502584138281,-0.055229106541594,0.15633819777732483,348,349
21,by_sector,XLB,-0.09772588625565344,-0.20405250414688383,0.00428959339733135,348,349
21,by_sector,XLE,-0.06300102728502759,-0.17271974653101888,0.03866411473673188,348,349
21,by_sector,XLU,0.00574032394361147,-0.10218590815854049,0.11163590985189589,348,349
21,by_sector,XLRE,0.06987965639335902,-0.15471127737811985,0.2823858497191647,78,78
21,by_shock_type,policy_easing,-0.023624089288533427,-0.09760062709385162,0.06122394163558729,80,745
21,by_shock_type,no_rate_surprise,-0.00365942151007572,-0.10679280036875957,0.10251467512861381,49,459
21,by_shock_type,policy_tightening,0.0007211926677070015,-0.10082112519525797,0.1031279355991471,56,517
21,by_shock_type,info_positive,-0.025802374669209226,-0.07994739707753207,0.030113410509375077,90,842
21,by_shock_type,info_negative,0.007237767165893402,-0.07888092974189309,0.09222804830443998,73,693
21,sector_x_shock,XLK|policy_easing,-0.028903292351872195,,,80,80
21,sector_x_shock,XLK|no_rate_surprise,0.06179044332713813,,,49,49
21,sector_x_shock,XLK|policy_tightening,-0.016234043646315,,,56,56
21,sector_x_shock,XLK|info_positive,-0.27431665704662905,,,91,91
21,sector_x_shock,XLK|info_negative,-0.06701221769714921,,,73,73
21,sector_x_shock,XLC|policy_easing,0.5833333333333334,,,9,9
21,sector_x_shock,XLC|no_rate_surprise,-0.08571428571428573,,,6,6
21,sector_x_shock,XLC|policy_tightening,,,,3,3
21,sector_x_shock,XLC|info_positive,-0.19999999999999998,,,5,5
21,sector_x_shock,XLC|info_negative,-0.06813186813186813,,,14,14
21,sector_x_shock,XLY|policy_easing,-0.029922994880101264,,,80,80
21,sector_x_shock,XLY|no_rate_surprise,-0.06020868961686457,,,49,49
21,sector_x_shock,XLY|policy_tightening,0.0530416951469583,,,56,56
21,sector_x_shock,XLY|info_positive,0.08277822682382122,,,91,91
21,sector_x_shock,XLY|info_negative,0.07836603727014688,,,73,73
21,sector_x_shock,XLP|policy_easing,0.007020751655181172,,,80,80
21,sector_x_shock,XLP|no_rate_surprise,-0.1636474989834098,,,49,49
21,sector_x_shock,XLP|policy_tightening,-0.0880739588980079,,,56,56
21,sector_x_shock,XLP|info_positive,0.07618402978300917,,,91,91
21,sector_x_shock,XLP|info_negative,0.10869431074910528,,,73,73
21,sector_x_shock,XLV|policy_easing,-0.19752927250855723,,,80,80
21,sector_x_shock,XLV|no_rate_surprise,-0.16274975761701427,,,49,49
21,sector_x_shock,XLV|policy_tightening,0.05813893894590559,,,56,56
21,sector_x_shock,XLV|info_positive,0.006060002787171524,,,91,91
21,sector_x_shock,XLV|info_negative,-0.2463285203011231,,,73,73
21,sector_x_shock,XLF|policy_easing,0.061945087493995,,,80,80
21,sector_x_shock,XLF|no_rate_surprise,0.02368676671375911,,,49,49
21,sector_x_shock,XLF|policy_tightening,-0.15810519849283375,,,56,56
21,sector_x_shock,XLF|info_positive,0.1704679389070459,,,91,91
21,sector_x_shock,XLF|info_negative,0.22251704678759496,,,73,73
21,sector_x_shock,XLI|policy_easing,0.003457713340892259,,,80,80
21,sector_x_shock,XLI|no_rate_surprise,0.01132971031388434,,,49,49
21,sector_x_shock,XLI|policy_tightening,-0.09795109282176587,,,56,56
21,sector_x_shock,XLI|info_positive,0.10518813461094512,,,91,91
21,sector_x_shock,XLI|info_negative,0.17937800814513147,,,73,73
21,sector_x_shock,XLB|policy_easing,-0.09659044293259479,,,80,80
21,sector_x_shock,XLB|no_rate_surprise,-0.06270888096536148,,,49,49
21,sector_x_shock,XLB|policy_tightening,0.19419002050580997,,,56,56
21,sector_x_shock,XLB|info_positive,-0.13573399482559234,,,91,91
21,sector_x_shock,XLB|info_negative,-0.1924595828705418,,,73,73
21,sector_x_shock,XLE|policy_easing,-0.06078364725742467,,,80,80
21,sector_x_shock,XLE|no_rate_surprise,0.08357782507832556,,,49,49
21,sector_x_shock,XLE|policy_tightening,0.01729323308270677,,,56,56
21,sector_x_shock,XLE|info_positive,-0.08061221646344802,,,91,91
21,sector_x_shock,XLE|info_negative,-0.0950573861532766,,,73,73
21,sector_x_shock,XLU|policy_easing,0.05271208811578152,,,80,80
21,sector_x_shock,XLU|no_rate_surprise,-0.11761612827785779,,,49,49
21,sector_x_shock,XLU|policy_tightening,0.06883940370214778,,,56,56
21,sector_x_shock,XLU|info_positive,-0.01982271861743072,,,91,91
21,sector_x_shock,XLU|info_negative,0.12594586681998665,,,73,73
21,sector_x_shock,XLRE|policy_easing,0.17807216005584123,,,16,16
21,sector_x_shock,XLRE|no_rate_surprise,0.13829249646802982,,,12,12
21,sector_x_shock,XLRE|policy_tightening,-0.406060606060606,,,10,10
21,sector_x_shock,XLRE|info_positive,-0.31888544891640863,,,18,18
21,sector_x_shock,XLRE|info_negative,0.16666669326609637,,,22,22
